Country Name,Country Code,1960,1961,1962,1963,1964,1965,1966,1967,1968,1969,1970,1971,1972,1973,1974,1975,1976,1977,1978,1979,1980,1981,1982,1983,1984,1985,1986,1987,1988,1989,1990,1991,1992,1993,1994,1995,1996,1997,1998,1999,2000,2001,2002,2003,2004,2005,2006,2007,2008,2009,2010,2011,2012,2013,2014,2015,2016,2017,2018,2019,2020,2021,2022,2023
Africa Eastern and Southern,AFE,6.65031036894191,6.66730834168741,6.68824576701073,6.70922635305278,6.72492992979071,6.73745943915781,6.76648648398455,6.77549319640557,6.7825231473586,6.78281325136195,6.79270924423155,6.79899797307995,6.79835183147635,6.79603792998549,6.79297208563693,6.78336232325025,6.76829164257841,6.74940517002009,6.73332529073522,6.71517811064519,6.69461156323483,6.66376949580984,6.63544939064984,6.59534764547448,6.54988619558372,6.50024081179738,6.44827093188949,6.39868038918192,6.32904104386327,6.24992878317002,6.16021171875849,6.09484601741377,6.02821887809703,5.97024615922812,5.91123813561732,5.85348014036154,5.78158012010132,5.71082027615964,5.66288610499311,5.61161901998499,5.54989301895013,5.50176609365985,5.44969577120575,5.40732792013545,5.38130825995291,5.35039851932097,5.30592047242956,5.25398480103277,5.21940349533757,5.14253544179731,5.06649694569372,4.98101550181667,4.89958534111926,4.81956335424637,4.74807426510375,4.676508011604,4.61574383851019,4.56988358574791,4.52144320133481,4.47133814751909,4.41297254940111,4.3506825352307,4.28703336709338,4.22382000342151
Africa Western and Central,AFW,6.46888704883706,6.47835126186335,6.49227741856121,6.50022920724497,6.51673939516406,6.53276603121599,6.55655005649911,6.5827169117696,6.60729720141702,6.63356896572475,6.65583553302889,6.69732290843661,6.73353157968879,6.76414778290127,6.80228560735801,6.8391130781294,6.85852611448182,6.89030962607632,6.9160955426336,6.9048691347289,6.88804350276798,6.87158701228345,6.84672705783816,6.81942637386953,6.77010869715948,6.7177376638091,6.67648418222943,6.62994705598296,6.59441228277116,6.56225362551054,6.51688646577118,6.4702984462235,6.41768163159521,6.36200214230226,6.29917221320364,6.23626251821371,6.17144242047668,6.1034962406388,6.04479367728873,6.02793230670537,6.02214272981906,5.99007410329012,5.95620213584871,5.92357302720715,5.89551358763435,5.87177032127738,5.84602826670684,5.80965086668807,5.78547347244462,5.75112008903331,5.71289596656524,5.66566707694786,5.59679953142373,5.51546824365668,5.44001848340923,5.34659582634864,5.22897623531264,5.09888534179775,4.96257068098246,4.82913447807754,4.7073988083188,4.63774085975902,4.56335400847357,4.49770681255146
Arab World,ARB,6.92203318142748,6.97214164003418,7.07506183841561,7.06651621863442,7.040108892229,6.99572980831693,6.97006646898323,6.94757072656492,6.92058834697034,6.88622907990047,6.85324916247493,6.81247936353208,6.76441219938223,6.70933975774271,6.66173747850986,6.61676653259842,6.56932052403797,6.50558714076787,6.43943191179615,6.38534031749251,6.31505967411158,6.22969733689023,6.15238948628116,6.0674616818145,5.95526449260975,5.83765214424102,5.69632046171871,5.5625706977479,5.43363430919222,5.28417325945673,5.15485883194052,5.0127064562784,4.87043694708586,4.72248668278884,4.59348434436688,4.43526942204969,4.29082607782232,4.19151507626843,4.10449389117135,4.0159586665213,3.93474923419248,3.85844968262325,3.78100074910528,3.72725438909958,3.6796507015543,3.6433356042585,3.61922849596914,3.60428476711649,3.58028520655661,3.57118607702881,3.57186073483879,3.56597589031882,3.58216031979128,3.5741271698933,3.56212633472775,3.53244359112271,3.46298807812024,3.42519822145484,3.32426875614683,3.25509307857063,3.20826865698484,3.14558842701715,3.10776674481051,3.08975083762374
Central Europe and the Baltics,CEB,2.49178453894492,2.39785654955442,2.30703378564719,2.31105453758811,2.25805299100354,2.2059292492467,2.12881236631245,2.47914307382557,2.45646376597215,2.35427147281504,2.28375631390379,2.25959276238533,2.23573996376048,2.24943064836784,2.36433701484148,2.33828750419754,2.32272817151662,2.28450038228502,2.24957781638885,2.25568817418042,2.1966569925957,2.15083974781709,2.139980297603,2.14266457172837,2.16364678216044,2.16186608194946,2.13787006990764,2.09737155169541,2.07819977517517,2.01820598375488,1.93049087711298,1.85424166322448,1.74984681538824,1.66998200520003,1.58951955016506,1.46845538491997,1.42923712401979,1.38166613931049,1.33855595147394,1.3079163778949,1.31777162376956,1.27547143482851,1.2533647469042,1.25106592539215,1.2764470903797,1.31266924216896,1.34198925571287,1.38121771530771,1.46350338600242,1.48761303763204,1.46183448121757,1.3933610504725,1.41601351724117,1.39147069378032,1.44674357225339,1.46689050277441,1.52845198024661,1.589114330923,1.5818965388923,1.57825452419045,1.56743022245618,1.56807253752419,1.49394411075471,1.40721045615752
Channel Islands,CHI,2.34,2.41,2.52,2.63,2.66,2.57,2.42,2.28,2.21,2.13,2.01,1.95,1.76,1.66,1.58,1.51,1.44,1.47,1.46,1.47,1.45,1.42,1.39,1.44,1.4,1.4,1.43,1.46,1.48,1.49,1.51,1.47,1.47,1.42,1.47,1.45,1.49,1.51,1.51,1.51,1.49,1.48,1.47,1.51,1.5,1.46,1.47,1.53,1.56,1.57,1.58,1.59,1.58,1.56,1.54,1.5,1.46,1.41,1.37,1.35,1.33,1.36,1.37,1.37
Caribbean small states,CSS,5.85023592610682,5.7863097441655,5.76346643526514,5.69391359145485,5.58664901101963,5.45815615583225,5.30150391761962,5.08500616746279,4.92155149126909,4.72948942058355,4.5640614327613,4.45438780626371,4.33156351542142,4.17478776104427,3.9955944801909,3.83958162524921,3.70574532032616,3.60914250721294,3.50000298182478,3.43467741335494,3.36833475735703,3.32911046406523,3.30555137277819,3.27399248414827,3.19246479464954,3.15352473513669,3.07491146625372,2.98846436626045,2.90166769592373,2.84743931545297,2.79027693496039,2.72599508297289,2.69224325298193,2.62627686670642,2.57484667360856,2.52831385271779,2.47629221092829,2.4432196949285,2.39071342332084,2.37857977361191,2.35137780439936,2.31066997900525,2.23982429264919,2.1852528394754,2.13970507724018,2.12845381394826,2.12013424579263,2.11877694697564,2.11485071339737,2.10828447010003,2.07173708976326,2.05288830372261,2.04752911622727,2.0402098675255,2.02565875580618,1.99918301132213,1.96956231728783,1.9372641969766,1.92045221448125,1.89179306364999,1.87036153838502,1.8396718940957,1.83848523008097,1.83168008600287
East Asia & Pacific (excluding high income),EAP,4.83110181718473,4.37755549899838,6.01855126399584,7.05774484680061,6.44237102606128,6.38663039137524,6.16077792401454,5.79181914146062,6.29098438446004,6.03424111073792,5.94760452521829,5.51474525695755,5.19567741087837,4.88069511487259,4.42622678163375,3.96321575761353,3.68569866750667,3.36925698255625,3.24869961120539,3.2403015276764,3.20575487978324,3.21219642516331,3.31795736755402,2.99040694227051,2.99012490784225,2.96074344490655,2.97929902376099,2.97354174585678,2.79113587321177,2.75716688432265,2.73172329262826,2.30075145434288,2.16310632767419,2.08513769819031,2.02347592700793,1.97817529270266,1.93759258629366,1.89965881124218,1.87396113255707,1.86012063742824,1.91730006429306,1.86452654876186,1.8570246904893,1.85142686166263,1.86905650640618,1.87644275680172,1.89055580188736,1.90758413464005,1.92881250264633,1.93477952791717,1.91349993221803,1.90530229321258,1.99107765870115,1.9221824900928,1.95215689037872,1.87853330070305,1.92845332128009,1.92583111307555,1.74043475080494,1.70480430061126,1.52789689503569,1.4404934680796,1.38552648865081,1.36140449889156
Early-demographic dividend,EAR,6.1536669226445,6.16668872661336,6.1761483396803,6.17952516431696,6.17664133094049,6.14852762636846,6.10967451899681,6.07156034491763,6.02422498695676,5.9711919511593,5.91828377905487,5.85755303284479,5.78287864872121,5.70809333742974,5.62751269873822,5.53317157247861,5.46486626873774,5.36983904471833,5.28843833146727,5.21752492346736,5.15926051703508,5.07837937050919,5.00374602735477,4.92909518921829,4.85216499402132,4.74552926759924,4.65814508835805,4.55387237304121,4.45133843034322,4.34844574645711,4.24500380356312,4.14767285929029,4.04087463298077,3.94692179414883,3.85788428839654,3.76582479874717,3.67727392583173,3.59890907324413,3.52117022719808,3.45184570442009,3.3912390510628,3.33078739753371,3.25305216479698,3.17868414584789,3.11500627722658,3.0577445556333,3.00610536836879,2.95367185736481,2.91176570123054,2.87307156290405,2.82072261952737,2.77693436477876,2.73636596542955,2.68692961890405,2.62682355328164,2.606063609279,2.57543828929898,2.51536902880117,2.48215945277498,2.42779561788204,2.37325097006909,2.34167487073807,2.3189517975754,2.29816654586579
East Asia & Pacific,EAS,4.552018956377,4.15886057355196,5.52664149337645,6.38844597578321,5.86395908828366,5.8190394333137,5.56715731929579,5.32208660399267,5.73717146674616,5.52322867424715,5.45763094223014,5.0969417468987,4.81468234128564,4.54617826928571,4.14161342578447,3.72018111972918,3.46987253844866,3.19150913246053,3.08116103403719,3.08182116702355,3.0495518622526,3.05051268188116,3.14116074293095,2.85000702153672,2.84219181900126,2.81189279363787,2.8221145123497,2.81596977422875,2.65818562808847,2.62121065417664,2.60053980517291,2.22199667109091,2.10106663908457,2.02771962689827,1.97572387066931,1.93039834584814,1.89315545591712,1.85668620609859,1.82784812254818,1.81413030959731,1.87030131869665,1.81392801583052,1.80360842119829,1.79659548903584,1.81225270397003,1.81620168162304,1.83449759597526,1.85473440682623,1.87387155443301,1.87816877219437,1.86033578165821,1.85575287492533,1.93847005657334,1.87079702863895,1.89901337242406,1.83427086836941,1.87658988593015,1.87010279533446,1.69915751133178,1.662105630106,1.49672637080882,1.41678319124714,1.36272811190401,1.33558030329751
Europe & Central Asia (excluding high income),ECA,3.94182944873664,3.93068784200818,3.91627035962395,3.88902766092931,3.82917243746435,3.7754358418785,3.78177059902915,3.74794017107364,3.70158493852003,3.66879793614197,3.67111998532494,3.66525178449626,3.64230535354118,3.57231229348141,3.53036510452184,3.47771411291635,3.42185349324266,3.34416377140525,3.28756061804086,3.24496308912272,3.19796029316006,3.15266369215032,3.12774959760992,3.14061137691339,3.11885578730854,3.07019004526447,3.06827955373804,3.01242417898412,2.94233309088917,2.85069056714788,2.74773273220308,2.69437459933243,2.60726526636366,2.52025636273288,2.43106773646375,2.36790852205595,2.26413154200845,2.20215224389354,2.15188658473363,2.08070189736967,2.00474150351362,1.95682096363437,1.92607198972957,1.92721327064399,1.95922809070334,1.95166240174491,1.98577274774906,2.01844199305995,2.06586049973884,2.05914876383274,2.04838130370044,2.03687878091443,2.08613304557465,2.10560009634719,2.15899424495663,2.14347872262226,2.12454802060351,2.07755730873508,2.07164815334434,2.05853927210627,2.04948188927785,2.0541221932564,1.99842365385872,1.98401223277125
Europe & Central Asia,ECS,2.83848368529264,2.83207926574286,2.81083794946942,2.80931620543911,2.80041411849247,2.74843557312999,2.72189747284275,2.72667143391915,2.67004911946736,2.61310963153686,2.56598360836375,2.55153281110075,2.49136129914704,2.4228570664676,2.40865360780193,2.35401265642159,2.31747440331331,2.2612638822947,2.22357674262737,2.20084675190752,2.17563068727892,2.13963702625444,2.14518035515243,2.13891784249318,2.11676482346068,2.10368623019742,2.11613485845146,2.10610527130547,2.07558924572592,2.01533051682435,1.96637211064167,1.9005616022114,1.82774475273944,1.75426980910503,1.71174967866184,1.66265987414233,1.62662628732807,1.60334431616136,1.58833526902644,1.55741289168292,1.55971720030111,1.54277830197497,1.546149072613,1.56349836873146,1.59242747917453,1.58832669139474,1.61837242362273,1.66018433007585,1.7166209979042,1.71823360798727,1.72571098484824,1.70952131118022,1.7442399348379,1.73594480249259,1.77196033395473,1.77299099045995,1.77904716297953,1.73639932903692,1.71614712469713,1.68798801549177,1.67139674229224,1.6846754677544,1.61774858492685,1.57901896941557
Euro area,EMU,2.59975818607113,2.63015351026318,2.63518538965192,2.67266741909255,2.72530161970623,2.67505632586126,2.65722370598909,2.61187561645373,2.54258030640495,2.47939531607294,2.38410272407059,2.33847189433581,2.23260014100804,2.12941410799483,2.09649412590041,2.02084109974449,1.98135683886252,1.90748879779704,1.85314203911304,1.80266909207033,1.77644703701026,1.72809029657114,1.70125419113931,1.64318451254864,1.60649944814442,1.59482388236642,1.58307328931414,1.55983721546578,1.56651482703042,1.53156206768297,1.53615867510014,1.48982168580762,1.46860137918803,1.43667684217113,1.39942410584762,1.38642376809999,1.40044552647729,1.4208806854498,1.41837372215353,1.43078825387215,1.47000450326359,1.45710414572335,1.45922787298589,1.47324556629415,1.4957103896907,1.49861296956154,1.52311106055284,1.53830556995239,1.57810215695352,1.56180805370808,1.57511738680375,1.5560401473683,1.55179485470635,1.52942858218294,1.55214477889914,1.54977026045957,1.57007164981904,1.54580992787289,1.52642188392298,1.50367163161597,1.47945704089057,1.50830730430334,1.44288706498202,1.37678099626159
European Union,EUU,2.57148406298234,2.57127117139189,2.55482184429642,2.58790101222227,2.61602359254131,2.56288433357445,2.5290730551769,2.58684682161097,2.52373931220099,2.44429422036683,2.35310353605946,2.31232561159444,2.22577061085602,2.15121217250223,2.1583055980113,2.0943481561713,2.05668031073776,1.99026878483879,1.93973162441373,1.90358956455868,1.86985136397673,1.8191442782873,1.79530089701993,1.74981352501638,1.72948024443598,1.72306773399727,1.71015963890362,1.68481652827392,1.68758639688002,1.65132732815289,1.63540106735697,1.58421221520796,1.54549261505656,1.50294229778096,1.45810584322542,1.41557612024209,1.41348799206282,1.41591693630542,1.40566053953101,1.40794645144903,1.44135977576762,1.42305392851186,1.421192523437,1.43252409175518,1.45605849043865,1.46660715604414,1.49455545268576,1.5151566756709,1.56501549943226,1.55740674486307,1.5634616186116,1.52959407141605,1.53161547008715,1.50802099752337,1.53792794697248,1.54008667093178,1.57014308662688,1.56432682451614,1.54686849145319,1.52723560688075,1.5055152515273,1.52616520464091,1.45656447411585,1.38609885893717
Fragile and conflict affected situations,FCS,5.58956986236962,5.60859265744044,5.65982965903343,5.67513213107138,5.68216021433644,5.68807233155242,5.7225221964084,5.73492522566151,5.74668918604134,5.75544771940534,5.77911734638597,5.80275436208003,5.81902678059092,5.81981757828618,5.84299845106685,5.86127739207105,5.87371241673161,5.8835632824832,5.90126318108436,5.89902405940571,5.88802010404186,5.86792839306617,5.86211251361191,5.8710919777835,5.83966573894096,5.79544464421952,5.77109647761109,5.72980805690706,5.6977509962216,5.66273798152519,5.62663421158976,5.58648513658607,5.54116006332198,5.49251985812403,5.44767359786126,5.40255704564943,5.34063641035368,5.28745913649839,5.23805194634838,5.20921779597976,5.1914240218468,5.16138694831709,5.13129446967936,5.09873296530967,5.06822390175793,5.03372073448969,5.01011598024202,4.97812986601058,4.95974867829399,4.93368186091058,4.8959233094296,4.86016219417042,4.81315495271382,4.75599746020578,4.70910682849292,4.65280278789177,4.58901139342968,4.51825859293666,4.4543544536253,4.39265166870199,4.32662442806955,4.27545113747126,4.22091823482488,4.18166207272727
High income,HIC,2.93983456833684,2.92046907655382,2.86850357694474,2.83673291313408,2.80566493935466,2.71681819195996,2.57554703910192,2.60873831603609,2.53562511083479,2.49025841688376,2.45754655934471,2.40388546115701,2.28478110683245,2.20778342282229,2.16735796189668,2.08672286310926,2.04091077497553,2.00860196764999,1.96838218318086,1.97321877588077,1.9607632020362,1.92429153256815,1.92845358077417,1.90172004481723,1.87443387148514,1.87026218704428,1.86413661063253,1.86780693646074,1.87173851470861,1.85018223061294,1.84824602350591,1.80440987758264,1.76326733280378,1.71144968652024,1.69562440305389,1.65516400660423,1.64036005956887,1.6241771889182,1.61580428219208,1.60364504573674,1.63521408154119,1.60621543892261,1.59949242213488,1.61034840814295,1.62127663324801,1.61393473709576,1.65019520089857,1.68651156927365,1.70498993128663,1.68733268385183,1.67609288601583,1.66260801836572,1.68337528946383,1.65637914971692,1.67494666501948,1.67655561483559,1.67297591162225,1.62930564394354,1.59889445600281,1.55876927743354,1.51483956384407,1.52262118028374,1.47509915028495,1.43528965392277
Heavily indebted poor countries (HIPC),HPC,6.64868413769492,6.66549650561302,6.68731905643914,6.70818943407192,6.72748555264353,6.74693924588511,6.77273046325129,6.7975078987097,6.81749909251044,6.83511780671778,6.85534718930453,6.87387726768897,6.88821949792117,6.89818677105675,6.91026282108947,6.91639896172302,6.92044765356575,6.92337364124941,6.91890674470097,6.9111056974393,6.90136880754293,6.8812163254222,6.85552454338347,6.82852655824778,6.79933587559383,6.76770982563222,6.73572902251987,6.69986760593019,6.65806203162278,6.61302107906944,6.56759713067858,6.52123678289829,6.47605448576119,6.4299058721937,6.37639542184552,6.32738370362244,6.275651658091,6.23355830311813,6.18755361583246,6.13775127162015,6.08332662053409,6.01770924368914,5.95686421244911,5.89993756898993,5.84969534908206,5.80079895197554,5.73901746589707,5.66787146823677,5.60132604835998,5.53600288146366,5.46351892829272,5.37935969540869,5.29780958085384,5.21587004399261,5.13482329193002,5.05956536973213,4.99010443094874,4.91497106719012,4.84006886160077,4.76740744271933,4.69264955144654,4.61790268227431,4.54630641313522,4.47735901262395
IBRD only,IBD,4.96376496065839,4.76035280865593,5.51006816456136,5.97915706768226,5.68188267642417,5.6306717358001,5.50177626140858,5.3185769637732,5.51982231049228,5.36694587708867,5.3015314999485,5.07760747186436,4.89545426307131,4.71830345915494,4.48038001498743,4.22316101899096,4.07333183250893,3.88636198836221,3.7872822500754,3.75134316976068,3.71211481228168,3.68436303044374,3.71284060136329,3.53418824310795,3.50491072017774,3.4529950069015,3.44316827472877,3.4032865626689,3.26959424125468,3.20535044966198,3.14301214811517,2.88495598542947,2.76797616730671,2.68386939109179,2.61589095857713,2.55204959351904,2.4938102334254,2.44223354430076,2.40305067775411,2.3659913299641,2.37429108795755,2.32751809168946,2.29512284359468,2.26645286014176,2.25798241316032,2.23842034148353,2.22297119521154,2.21215246260748,2.21436756794014,2.20879190176549,2.18129232312236,2.16254476526803,2.19434899452253,2.14693474671128,2.13676991912373,2.09966730958114,2.1100876329392,2.07379985987879,1.97849212934821,1.93033386624247,1.82434572085119,1.77293460886858,1.73604166305753,1.71721480250408
IDA & IBRD total,IBT,5.24414761626824,5.08171890586985,5.70533969257823,6.09384148474072,5.8511382131547,5.81004780972975,5.70473680714108,5.55511338580228,5.72043060052223,5.59448715938068,5.5413742234703,5.35704542231218,5.20610197885697,5.05797283913342,4.86111497888886,4.64866921268931,4.52389766725082,4.36769113451999,4.28438841915839,4.25187332631964,4.21567317634578,4.18681072460778,4.20310559638344,4.04750585302414,4.01358816975303,3.9594130618903,3.93889252961254,3.89358240771684,3.77148917858734,3.70920696259168,3.64823016786254,3.4270542049068,3.32014859113294,3.24111139731391,3.17666311867011,3.11457752231892,3.05483955804609,3.00354595706068,2.96215268043108,2.92753509560919,2.92815900338712,2.88253917209821,2.84841880465702,2.81791236243409,2.80227747556551,2.78055872494452,2.76579756184291,2.75480363035886,2.75423549807407,2.74558666708729,2.71688569614126,2.69329587519973,2.70941915899661,2.66720637527404,2.65498616871423,2.62203180159785,2.62347370210255,2.59124829385848,2.51556535872531,2.47533043381633,2.3927618280309,2.35381106333041,2.32447750417006,2.30809674307544
IDA total,IDA,6.59326582725325,6.60795987482533,6.6248303685184,6.63054373887169,6.63915536812924,6.64337723856789,6.64810989758041,6.65706922636179,6.65701742571917,6.65839982076557,6.66646038953177,6.67129564388775,6.66950229780648,6.65794730604406,6.64695364977412,6.63251558348432,6.61108974031171,6.58954361653522,6.57986381583094,6.56101597530046,6.53251796176213,6.49401695215176,6.44779483692619,6.39128462128669,6.33284350718585,6.26208125191122,6.18374552095859,6.10170299789952,6.01808278764796,5.94904242918878,5.87574508738158,5.79520961268689,5.70768193795306,5.62425022424627,5.54879949134392,5.46951482643371,5.38063153229473,5.30823469624163,5.23317514560598,5.18150471695759,5.12356810457027,5.05518813856653,4.98678616221528,4.92087823183519,4.8499787264558,4.79166870557721,4.74815961851148,4.70013146217972,4.65406521903113,4.60240380005037,4.53867977619126,4.46955423560288,4.40494230499702,4.3505338759294,4.30100023244653,4.25017791570184,4.19182252240549,4.13947705091085,4.0872119876854,4.03279983481737,3.97807068151368,3.93500283047806,3.88843955889292,3.84213231871592
IDA blend,IDB,6.64284008053128,6.6552468100513,6.67088078223743,6.66893197849251,6.68083047957673,6.68973370728734,6.69229781749584,6.69560014158541,6.69407670739822,6.69930336406826,6.70868181972881,6.73067972654794,6.74489859370542,6.75705385853369,6.77021579763946,6.78164659203856,6.77413799051221,6.76868769631839,6.75143537745542,6.71325831718206,6.67192719949488,6.63215155890121,6.5925872815283,6.54826820587207,6.49466262800632,6.43383915816421,6.38214635690927,6.3169895037278,6.25148615267296,6.19017703719669,6.12738457165969,6.06536100057243,5.98169970612131,5.88964112431633,5.79954216594475,5.71533407958458,5.62186959054476,5.52149249332774,5.42597036532387,5.39096234418901,5.34185583852571,5.26094445396664,5.1783190330599,5.10930198484563,5.01279081108595,4.95461118139386,4.93870079020795,4.91737092931541,4.89890182146653,4.85818069447705,4.79809212619671,4.72216946157877,4.6340378211409,4.56049734113323,4.502077481935,4.42949529173026,4.33403379404732,4.26901886821274,4.19320589255923,4.1181258293125,4.04750419996975,4.01109127298711,3.95818893362032,3.90689986940718
IDA only,IDX,6.57083215392191,6.58654558911163,6.60397638209748,6.61316517258881,6.62029907974948,6.62240932962113,6.62811894627256,6.63963162882063,6.64023435207444,6.63984610463096,6.64725389169023,6.64421129139777,6.63501696469941,6.61246612001172,6.59019044192138,6.56349709334173,6.53518728844979,6.50558161154467,6.49899213363403,6.48880291504527,6.46534472194978,6.42629092320276,6.37621718279584,6.31353128913113,6.25266152849536,6.17679086815324,6.08494198010995,5.99418399430264,5.90112834982926,5.82778010458566,5.74853221173423,5.65796698506751,5.56847525905296,5.48959506899655,5.42159463933701,5.3446689674747,5.25761896094575,5.19895911743809,5.13392371434674,5.07325730448901,5.01024080622791,4.94779004614322,4.88649619348325,4.82197204323298,4.76419791663764,4.70553396855695,4.64719660312829,4.58460415422269,4.52330537515496,4.46534194598394,4.39936757527563,4.33386975076301,4.28210401912726,4.23813354844651,4.19363514530084,4.15478552810768,4.11656324546825,4.07122663515932,4.03157017913181,3.98818188350936,3.94186197211542,3.89536343711383,3.85211805380653,3.80843381423313
Not classified,INX,,,,,,,,,,,,,,,,,,,,,,,,,,,,,,,,,,,,,,,,,,,,,,,,,,,,,,,,,,,,,,,,
Latin America & Caribbean (excluding high income),LAC,5.95599037685276,5.95153873121599,5.9456948102139,5.92632378219368,5.87239808373703,5.79125637837216,5.69621935406491,5.59279983901227,5.48856750447144,5.39527998650178,5.30170353120641,5.20735253714397,5.10527603558513,5.00308445160338,4.8817879131135,4.77242364729025,4.67162762104596,4.57263611640324,4.46929632321578,4.3598120611952,4.24897119113778,4.14839951873066,4.05409187130206,3.95227944807964,3.84666212156876,3.74406176004385,3.64925977968982,3.5434763154005,3.44820366662734,3.3657069755328,3.28777417813239,3.21221008218252,3.13655749853358,3.0780397011283,3.01458742294658,2.95227502845871,2.88197638948261,2.82417094190753,2.76698321881989,2.69965444940663,2.62966576701148,2.55876959103345,2.49714692158281,2.43520638481997,2.39297042881526,2.35053781878168,2.30415054176281,2.2645898161045,2.23729024720579,2.21221230691601,2.18424014886755,2.16327558091516,2.1313438701616,2.11107394756264,2.09414059644931,2.06344385360512,2.00977990761903,1.99018318260456,1.97401400762104,1.93118200630743,1.8727744226138,1.85112178499262,1.82575260798187,1.81033624989092
Latin America & Caribbean,LCN,5.86928989560833,5.85790066538361,5.84711321175065,5.82617902975298,5.76646914975825,5.6852276563667,5.5884958779241,5.48242939711392,5.37568188514187,5.28016644972607,5.18421280645098,5.0888963409094,4.98427914238296,4.8812131264486,4.76341527426996,4.65608481882113,4.55876653025938,4.46277606872744,4.36265418283056,4.25733441418835,4.15116683299825,4.05486716705831,3.96524124760971,3.86913011286621,3.7705280177527,3.67629165923195,3.58858275681957,3.49082169119499,3.40229742708928,3.32572208267085,3.25200121318004,3.17899149947232,3.10502220855846,3.04737913400793,2.98532233515391,2.92500245572653,2.85409605427237,2.79637863695787,2.74035048666449,2.67578612952241,2.60902991651964,2.54222979263084,2.48121253853417,2.42142506827502,2.37917519310069,2.34035064164282,2.29532888990533,2.25735285699401,2.23167123797086,2.2066595265301,2.17888507325984,2.15996794046018,2.12951008238359,2.10800936827715,2.09061835099534,2.05950841692013,2.00688079738414,1.98217325038003,1.96388556455326,1.91833263036506,1.85875828156303,1.83369057099453,1.81208587734194,1.79507341890876
Least developed countries: UN classification,LDC,6.59812881608925,6.62006586016514,6.64146688767691,6.65468746938189,6.66778513707677,6.67772593159865,6.69095090753463,6.70719291077102,6.71597583789596,6.72254143332713,6.73682922421157,6.74113276563285,6.73932219211911,6.72597141497411,6.71293970935678,6.6909353706996,6.66659986880276,6.64198659374533,6.6395544252627,6.63557155757788,6.62198622664876,6.59116697844305,6.55685192645344,6.50112794166526,6.44170467991919,6.36591986784419,6.27503256789396,6.18570947069446,6.09591486736213,6.02691438572013,5.95086729024273,5.86258903692463,5.77808012643043,5.70367462433849,5.64175687609117,5.56689369030774,5.49257189179024,5.43920048709736,5.37325778095015,5.3099457277373,5.2445338509952,5.17837647871178,5.11595914507699,5.05035146163115,4.99046565302076,4.92928177154955,4.86726240107558,4.80240094513527,4.73812992712797,4.67508009166906,4.60145641254696,4.52876413071164,4.4693426784496,4.41659005003909,4.36565227818393,4.32180265509732,4.28322308474242,4.23872792029428,4.19438385649119,4.14870117902407,4.10111137224191,4.05314050281312,4.0077222718124,3.96127401392912
Low income,LIC,6.42165203206928,6.39206111627946,6.4265472476034,6.46997702269788,6.47995206536232,6.49904558056654,6.54625162126953,6.61605649388637,6.61926390018488,6.63476733088324,6.64989356587327,6.65071361210336,6.68022007042562,6.62055800792068,6.60358636117166,6.60038705403667,6.5843057538527,6.58536213512526,6.59627944703808,6.60883436013729,6.60330762307818,6.59515133736642,6.56451381196442,6.53762083877935,6.51265418888524,6.49173825877307,6.47056947391752,6.44211935036677,6.40661560177588,6.37079127817808,6.3386497456178,6.30295614520842,6.2714525685226,6.2423046501412,6.21087438666445,6.17967919762482,6.12261121125518,6.08425461578709,6.04858787843748,6.00781888777879,5.96103891576181,5.90504573392029,5.84689588065295,5.79208227252523,5.74407106929412,5.6947377183128,5.65190808405658,5.59783389024689,5.55738650837525,5.51563411428836,5.45603302277218,5.38642558795498,5.32942403515707,5.27838933694447,5.22536653472744,5.1709947504719,5.11031963151938,5.05267040285691,4.98416252678365,4.91047198059186,4.84223015704789,4.77675152862539,4.7138736303552,4.65041602340353
Lower middle income,LMC,6.21947416595435,6.20395340706333,6.24818114183948,6.25945181890639,6.25639291534016,6.2225835489183,6.17567579386031,6.13762262224198,6.09884041804648,6.04932269958127,6.01092694662103,5.97259932054742,5.9180471403898,5.85938044293372,5.7915430176878,5.70112378392107,5.64169415223832,5.55067428029584,5.46778782278783,5.40069719084806,5.35612745857446,5.28607131074764,5.21821493632249,5.15586667351098,5.08933898298184,4.99510855590234,4.92161975863051,4.82203469300994,4.72828300409322,4.64265088505527,4.55853161826502,4.46723743503354,4.36670217552123,4.27119495802409,4.18349550936337,4.09720146666083,4.01253451677721,3.93719463638699,3.86133579459143,3.79977903641542,3.75697545590472,3.70535827613289,3.63215805465049,3.55737537854755,3.48696212378033,3.41647980509805,3.35967855047895,3.30218274720593,3.26034074553022,3.22708189048678,3.1709175010369,3.11736735574519,3.06808255144843,3.01667153785449,2.94803145542325,2.92748726464482,2.88951742956866,2.81955182612748,2.77808388119518,2.72010172661846,2.66270265803712,2.62884006117421,2.60721125643463,2.5860093327296
Low & middle income,LMY,5.48653717145985,5.30780731829546,6.00616473174695,6.44086312593481,6.17617086844667,6.132371165018,6.01841733235656,5.84135678924128,6.02377600121377,5.88776794614002,5.82836847048289,5.62047250256203,5.45204072149617,5.28277243536483,5.05861666042331,4.82278758539178,4.68109942472843,4.50718751072032,4.41347643670625,4.37429919247168,4.33209272197035,4.29752167127137,4.30558003168938,4.13097741367695,4.092841301081,4.03251278555515,4.00425728653246,3.95122225385357,3.82235674033419,3.75881774182497,3.69994088292297,3.46919276365226,3.36173680651669,3.28404761284725,3.21592794941246,3.15441750930884,3.09332015961603,3.04114276959814,2.99740763268586,2.96339234351243,2.96195164032173,2.91260283340882,2.8745316423721,2.84084959235082,2.82268617998747,2.79970357030051,2.78354192147216,2.76851043099354,2.7652775781912,2.75560212922915,2.72599706462258,2.7026695140725,2.71775950366212,2.67470094399942,2.66051392175765,2.62519363180369,2.62624733240622,2.59514433668853,2.51597453961351,2.47492519272676,2.38869866000489,2.34880587622074,2.32078133665542,2.3053344503812
Late-demographic dividend,LTE,4.37563343473696,3.9956223556304,5.28894284909649,6.10855562254805,5.58847747349864,5.52155377043073,5.32344908774124,5.04102355437441,5.42574037570493,5.20314087268166,5.13224251042026,4.79034212036841,4.53620262908961,4.28030015699989,3.92059054247947,3.53856551075262,3.31567003339691,3.05732758799255,2.95270078734387,2.95000302174204,2.92449289402577,2.93876698197449,3.0387861337302,2.76780715634888,2.76931693471843,2.75644641853604,2.79150807368511,2.79232108957678,2.62195813888099,2.5839007985547,2.54996016312967,2.15513493930988,2.01902599522572,1.93096187876647,1.86979697468654,1.81535439220564,1.76590664452793,1.72631004980651,1.70576179324584,1.68664455057034,1.73923096965661,1.68691314726879,1.68047820202294,1.67801560941288,1.69694749162792,1.69650821775942,1.70521610506857,1.72559590180346,1.75364403334795,1.76120613125096,1.74154532573495,1.72784561330676,1.81567980637601,1.76087090439066,1.80369622758769,1.74181425803637,1.7903210177987,1.79212077903476,1.62888508698103,1.59446545425556,1.43189436486489,1.35469179177141,1.29483420285217,1.26924387483295
"Middle East, North Africa, Afghanistan & Pakistan",MEA,6.94826640195092,6.96875002549603,7.01817813588353,6.99843464160891,6.96907744572821,6.93812912731797,6.9202447080572,6.90211800165667,6.87586782177814,6.84023748918043,6.79108519868015,6.73201154877179,6.66641660109879,6.60911906658928,6.57146435826421,6.54610279692197,6.53719629290543,6.51739817371074,6.49802821594846,6.49102179546382,6.45434567192073,6.39057076110944,6.33034843540435,6.26413955456867,6.17869345991629,6.07464236988343,5.94915916674306,5.81680320244568,5.68782610172542,5.54802204321721,5.41879839675048,5.26102343635968,5.0911533544334,4.93021141090709,4.77490719421969,4.596419719181,4.43429034696537,4.30860036436787,4.19855610384828,4.11443713697081,4.01482607048311,3.90085522373292,3.79395138243059,3.72630163365794,3.63070073112687,3.57811114316293,3.56377930573561,3.54500927423124,3.52422252680883,3.50913344979088,3.49627868102769,3.47744099649193,3.47103841927052,3.45458378198777,3.43769825413249,3.40467709971311,3.34433522982973,3.31820651237254,3.23367617917511,3.16206943875318,3.11687444065596,3.07299085938902,3.03344296601144,3.00810110726487
Middle income,MIC,5.42939963014378,5.24092066632468,5.98007458661264,6.43904924666892,6.15718220392145,6.10944265775041,5.98552330881616,5.79335073488292,5.98708015365987,5.84195530983889,5.77825797793701,5.55795712060225,5.37790892439801,5.20229218084266,4.96559141060434,4.71546717381231,4.56587308970058,4.38133120537083,4.28134421915074,4.23895793770563,4.19510753965757,4.16043042104759,4.17156658500983,3.98817799583504,3.94931712797662,3.88670060319388,3.85814855956888,3.80369356887313,3.66937549848204,3.60415249635006,3.54369159962289,3.30134025138458,3.18841506714049,3.10630961514347,3.03454944229744,2.96986699734027,2.90770961740033,2.85410994642054,2.80864905575707,2.77323560192122,2.77301821483933,2.72228096962105,2.68293721643397,2.64779604902477,2.62890370079352,2.60481642927214,2.58701383399415,2.5707877505985,2.56650996154659,2.55562905893699,2.52466580636529,2.50125945087295,2.51837877497728,2.47263045923319,2.45815165694517,2.42062932114284,2.42227973600496,2.38859658424215,2.3031686856897,2.25907067251297,2.16537005212059,2.1221936366743,2.09175049538458,2.07487633498744
"Middle East, North Africa, Afghanistan & Pakistan (excluding high income)",MNA,6.98920934561558,7.01138731304419,7.06367689348168,7.04398523958933,7.01396352530694,6.98298978711875,6.96478623017655,6.94697621907675,6.92019826888453,6.88396561905607,6.83363638756391,6.77310892950621,6.7053273011662,6.64914643820049,6.61225276870865,6.58676597045661,6.57939571136647,6.56061527808659,6.54208188900593,6.53680999551613,6.50131487633698,6.4372880866228,6.37756585529525,6.31181739373735,6.22571829032749,6.12138665338542,5.99437112849732,5.86095660731806,5.73215617303728,5.59166350669767,5.45989807226346,5.3006982006967,5.12980162518385,4.96525939653562,4.80567707895635,4.62503840917937,4.46042195357475,4.33412527967481,4.22281381517427,4.14044222495555,4.04137890905639,3.93057640432268,3.8271235820188,3.76354726128922,3.67100530727594,3.62182195458792,3.6100312048631,3.59441353508586,3.58130406581268,3.57177972392374,3.56282894271289,3.54610406035721,3.54106246026335,3.53015929601993,3.51235230424941,3.48219949137543,3.41866135030369,3.38993507836557,3.2999810388616,3.23197870200249,3.19426320279169,3.1492781508572,3.11585080940198,3.08429933241737
North America,NAC,3.66813374560788,3.63201562109414,3.48089756292059,3.34515625898632,3.21426362953675,2.9315842104351,2.72360870168464,2.55520218544864,2.45666564485671,2.44445110698431,2.458880480005,2.2539154241962,2.00714130327638,1.88012802121368,1.83523683103097,1.77893712306794,1.74374906104459,1.78918658052099,1.76080080719687,1.80261317020283,1.82954712372149,1.80075567125157,1.81368498975695,1.78708490511878,1.7908093348366,1.82658666082488,1.82123855593193,1.85271622980068,1.90835624301518,1.98906710243302,2.05518103599582,2.02732259209113,2.01153078620432,1.98574388953226,1.96962896425723,1.94657086051667,1.9407821446047,1.93029633691809,1.9546128046502,1.96138322623082,2.00104445286266,1.98111559022242,1.97003758809819,1.9973357672637,2.00195357868507,2.00891827912543,2.05978280204498,2.074587380697,2.03436462442012,1.97033818233665,1.90241045540461,1.86754587684267,1.85497020907638,1.83232546339748,1.83688870286129,1.81894736304592,1.79727819078773,1.74371916045505,1.70714584622083,1.68176811100914,1.61762836473818,1.64085343799958,1.62238294506643,1.57842091532655
OECD members,OED,3.29166295110634,3.29402698110936,3.25798848327677,3.24049738179773,3.22414424921038,3.13394734453346,2.98158605876005,2.99629359355646,2.91725068434988,2.87748595113742,2.84209798002931,2.77600904814107,2.63921208443236,2.55091136899146,2.49021013596252,2.39708301306012,2.33094581227784,2.29224918369634,2.24327126183776,2.23831295346555,2.21569108575995,2.1654293820472,2.1463006685449,2.10218258413935,2.06685066946888,2.05683203658878,2.02983829885507,2.01221010842114,2.01439023876189,2.00429799546611,2.01068908264717,1.98660819799179,1.96230165600952,1.92788878896953,1.90586739279464,1.86678622675595,1.85445902962881,1.84061039237384,1.83385661284465,1.82151158689551,1.83459775158699,1.80289177371102,1.78192463550939,1.78502980323359,1.78984663868265,1.78381673612008,1.81362469163865,1.82970853791825,1.83387500814556,1.80424351640786,1.7911408975842,1.76778605469718,1.77018851627096,1.74592119792157,1.75280691193862,1.74071911641155,1.72744452882059,1.69375695872475,1.66586365002996,1.63129333058851,1.58243469670758,1.58722997136128,1.54712421028136,1.49140708441198
Other small states,OSS,4.43553319926391,4.44231830252624,4.41616769116931,4.41312019150741,4.37588020986634,4.29245629927385,4.26246217577661,4.13496236671409,4.13848464302128,4.07673900918692,4.04582781244828,4.0179841246719,3.98188798026398,3.83047216403653,3.85788799764731,3.83089799283177,3.84499769346951,3.80577844531965,3.79541435028169,3.8004249100833,3.81850996493011,3.8163209455894,3.82519148214846,3.82322447971302,3.78721508534243,3.74623187036365,3.73884459605047,3.74454820807941,3.75290210269595,3.72478010436665,3.69560131554265,3.62255640517387,3.58664201169041,3.44912460438731,3.37323117787559,3.27655452975608,3.21764719518544,3.13161648579753,3.06378256198961,2.99152108219451,2.92483162722691,2.86914988750943,2.84792307313871,2.81507532453356,2.79320088978675,2.75075169301356,2.7102878305936,2.68571770492518,2.66460894391143,2.62743564380249,2.57095295288463,2.51572458697964,2.47415250758784,2.41214520398858,2.37681894447154,2.32407446918621,2.29653293083321,2.2491444099905,2.20897466383732,2.16819081899787,2.14273949716796,2.12507691475074,2.06679748542533,2.03877833272652
Pre-demographic dividend,PRE,6.56663079057346,6.60056282288313,6.66554982017786,6.68490768728291,6.70899134271062,6.73234881150903,6.76225351570689,6.78822131417672,6.81389335021748,6.83528520191932,6.85661292958595,6.88554504403508,6.9053514057138,6.921354426594,6.94421242244305,6.96177471585442,6.96805793793158,6.97899157948676,6.9858551446378,6.97064613260597,6.950424385054,6.92571076184722,6.89656078546331,6.86542416875854,6.8211124553382,6.77437821569904,6.73396755848408,6.69074452643641,6.65339161490656,6.61434069242485,6.56676366735469,6.51776173973853,6.46778165110045,6.41737839205678,6.36462643799093,6.31834840573292,6.26999854852709,6.22460764800979,6.178605455,6.14353406765779,6.10872389646364,6.06052137677241,6.0119936926566,5.96757211145267,5.93282990613316,5.8926989008652,5.85861642222348,5.81458531212335,5.77972624005359,5.73818132762642,5.68740273604675,5.6239192829338,5.544521264971,5.45905893914915,5.37430522910213,5.27734326238515,5.17618890709919,5.07605390683731,4.97262971584117,4.87014287162415,4.77404152669624,4.70240952953725,4.62841373246017,4.55928980464074
Pacific island small states,PSS,6.73252609084681,6.68692128878522,6.6309512157966,6.56011023452287,6.48655735163829,6.37294933436513,6.25356171815875,6.13191629600786,6.0013774379391,5.88179501305971,5.75774198305635,5.62580491610765,5.49075937567605,5.37386832349666,5.29230450344522,5.27330656860281,5.24568436561601,5.19841334686475,5.15568258118051,5.10626892152422,5.04994891007165,4.99439421063257,4.93990849745445,4.87836243059184,4.80830063966044,4.70694958024276,4.607044442129,4.53354416250919,4.46780919248984,4.40934287958665,4.36207209943173,4.31127844965516,4.25954187033857,4.21340625097476,4.16950131434112,4.13821481391388,4.09927768167576,4.02698846443694,3.95406182461895,3.88111353640641,3.81671595073823,3.77032425634367,3.72782313604195,3.68834695321623,3.65298369000911,3.620763176744,3.60508810121026,3.58890472455203,3.56930676629901,3.54391950880304,3.51570587097517,3.48820562877606,3.47172473933368,3.45654427789758,3.44819359331922,3.41085700200253,3.35982740867531,3.29401840298443,3.2372619244172,3.17968996269514,3.1447759920452,3.10974098279504,3.06729870639623,3.02800394339178
Post-demographic dividend,PST,2.90442808882196,2.89913330836884,2.85868750998633,2.83396459231029,2.81292153515288,2.71519645053927,2.56529050732116,2.58088773510041,2.50353514456318,2.46607953720604,2.43590113001576,2.37263596195446,2.23465110023601,2.14412983918634,2.09130536346732,1.99967534949052,1.93674477332401,1.90320318841547,1.8565118042829,1.86239640401873,1.85162766864119,1.80682020985859,1.79855404036469,1.76680323023348,1.74013455194628,1.73770173077924,1.72607851153094,1.72046748079298,1.74027507110101,1.73303543191527,1.75107145787354,1.72476315621837,1.70294656872951,1.66313837131592,1.64181281287822,1.60941269327432,1.60338102612505,1.59424123197257,1.59084682406829,1.58592177338232,1.61569056232377,1.5889209744441,1.58132965799612,1.5982496478935,1.61251200971927,1.61201140715546,1.65744164035342,1.68545174832742,1.6981163842684,1.67245587489248,1.66079042885459,1.64471429950164,1.65174368416002,1.62525844766026,1.63301821125915,1.62854493072054,1.62213289586339,1.58009944745016,1.55005381832355,1.51889873006556,1.47500260810084,1.48939885979816,1.44161265388636,1.39633943731236
South Asia,SAS,5.99643314493816,6.01292550013622,6.02832846438143,6.0398677590804,6.04572178301191,6.008650221683,5.95428427460588,5.90764870193796,5.84957895939763,5.78200152561332,5.73113650750894,5.67694375572139,5.60130386870779,5.52599428260385,5.45583178561272,5.33807896974918,5.27444137494508,5.15974663561678,5.05130631651815,4.97314912067142,4.93210389308236,4.85508043055275,4.76963779583485,4.69716379179166,4.63543091770381,4.54089790157858,4.48421257180628,4.38245113866164,4.28044288663875,4.18658328511583,4.09079809478255,3.98965383518945,3.89236745569418,3.80300535566384,3.72552810756277,3.64485252790157,3.57154357867819,3.50744412442615,3.43651880803499,3.37233736803084,3.33395356090725,3.28308388400588,3.19828354094027,3.10343433102198,3.02541628348848,2.93687989722614,2.84697285381899,2.75669654521409,2.68905082515755,2.64443180727681,2.56574779030977,2.50022514366302,2.44177823996936,2.37827206529081,2.28396274115946,2.27891070577889,2.2733060135155,2.19158171903298,2.18134059924297,2.12407623256393,2.06019382226457,2.03102990361988,2.01401171309975,1.99556441998933
Sub-Saharan Africa (excluding high income),SSA,6.57818814839887,6.59161999136443,6.60876303628043,6.62345393178783,6.63882533288924,6.65278222654627,6.67936344851659,6.69525465860635,6.70985599687503,6.72049983677885,6.73065920828986,6.74802061417959,6.75845731612017,6.76411402492461,6.77374208506473,6.77807184667946,6.77206987114063,6.76835451616727,6.76580592883253,6.74754102447471,6.72379290026689,6.69389729465303,6.66130314767739,6.62107075584832,6.56829693159577,6.51373661656233,6.46275207486535,6.41145537432426,6.35195303522651,6.28790540640626,6.21102157688593,6.14906524709364,6.08423073228002,6.02511969672555,5.96207129638516,5.90167342427617,5.83305003690869,5.76300961066377,5.71429074177931,5.68077254649992,5.64451391795095,5.60639867650098,5.56514064171338,5.53272648375944,5.51318834018681,5.49311482886089,5.4673245908424,5.43322101571662,5.41961449457291,5.37527348503088,5.32986470328555,5.27394917969952,5.21031551394988,5.14059756254553,5.07096662762461,4.99030704250289,4.90404874785378,4.82405664212628,4.73447002191981,4.64434907291966,4.55960366925971,4.49809752335738,4.43349107645845,4.37284268651581
Sub-Saharan Africa,SSF,6.57175107156462,6.58571655380682,6.60390996665115,6.61960920539895,6.63603034843255,6.650388568379,6.67747347276145,6.69402613956888,6.70872169060774,6.72015983325188,6.73541748554794,6.75655309270745,6.77135263182087,6.78278723428113,6.79683073910367,6.80639805760758,6.80547710156736,6.80735011453269,6.80824261381843,6.79262821212441,6.77334619886944,6.74806811693293,6.72084570386242,6.68550687265287,6.63803070080624,6.5869276136374,6.53893839277634,6.49032982846357,6.43404367064139,6.373415097691,6.30104158509286,6.24298819620138,6.18200606176961,6.12528105635408,6.06470169714644,6.00466548721661,5.93565342182207,5.86627830955653,5.81443019518496,5.7770198423302,5.73773655872012,5.69618761864136,5.65152239416774,5.61321051983256,5.58655124417467,5.55866997151161,5.52178259567579,5.4761027827376,5.44570154645802,5.3858400117165,5.32483728093835,5.25454227435434,5.17788889708355,5.09694190762163,5.02360313569775,4.94309396610616,4.85964137221829,4.78022796585899,4.69665184284359,4.61328768259518,4.5296824078878,4.46442444851627,4.39651820585481,4.33245083585002
Small states,SST,5.04865766924653,5.03552907582376,5.01009234007915,4.98391911037869,4.92530495955916,4.82802742986413,4.7555031639122,4.60550269524895,4.55001710049727,4.44721007001788,4.37005595239641,4.30925214651874,4.23924938770938,4.09088509587017,4.04985715649814,3.98859891326763,3.95773790107696,3.90278679936425,3.86255603053692,3.843059029561,3.83058669809155,3.8136283267269,3.80782486272886,3.792366089428,3.74141500977054,3.69547865502722,3.65884390189411,3.63096284157512,3.60554374927883,3.56789282222232,3.53052336823988,3.46400893271946,3.42700755064521,3.31970069180441,3.25463711851323,3.17971560650481,3.12582680837849,3.05681584144018,2.99377495180415,2.93832626785539,2.88338396405506,2.83397156846564,2.79808658297244,2.7597362627718,2.73096021826351,2.70114835906174,2.67308581805192,2.65643240427313,2.64077949261718,2.61377707791796,2.56685568430678,2.52532929458697,2.49706301177046,2.45556739582781,2.42980556625023,2.3864907368306,2.35638987105492,2.31126714318552,2.27509654521267,2.23544844472644,2.21067702634513,2.18868232624234,2.14684043316307,2.12339487150431
East Asia & Pacific (IDA & IBRD countries),TEA,4.85337152270027,4.39766293016726,6.06600697258066,7.12062734188243,6.4956967595558,6.43867377065024,6.20514453852498,5.8225193400829,6.33256621511992,6.07090671728027,5.98242161946572,5.54375383050301,5.21678905999787,4.9052555401121,4.44685286878701,3.97793766819611,3.69935476829611,3.37881210978411,3.25586664420461,3.24636123957369,3.21133902618094,3.21661451594082,3.32495793265526,2.99361570214698,2.99432998763385,2.96539641759739,2.98494374291447,2.98000101239874,2.79578733997056,2.76207221301406,2.73655247839245,2.30006860620803,2.16142715242374,2.08336048883135,2.02136647597664,1.97598452642284,1.93559156802077,1.89804243066207,1.87249148719082,1.85880130455679,1.91701202984337,1.86359434738401,1.85625879213409,1.85071457563415,1.86869002075451,1.87650747609855,1.88999510929957,1.90714838647723,1.92830488949777,1.93516213767886,1.91380463770064,1.90559230915552,1.99245335659862,1.92276320860367,1.95315843608444,1.87874321014974,1.92938890858833,1.92683294089381,1.73925892870635,1.70329191143946,1.52420342921216,1.43590189186902,1.38038247288067,1.35619349886656
Europe & Central Asia (IDA & IBRD countries),TEC,3.11774782563366,3.06476394685832,3.00658528293135,2.95729620281384,2.88438950684455,2.83609023211984,2.81196432755661,2.87746054477222,2.83647527601025,2.78739901035544,2.77665658406122,2.78271343533066,2.77048169059052,2.73056551396282,2.7305569120112,2.69643342730988,2.67239635725188,2.62997950776693,2.59283719692183,2.57564998666719,2.54922965111008,2.53145479126622,2.57028864984424,2.6063664654757,2.58719456024307,2.56143101222019,2.59410836153744,2.58610103888753,2.51629316511785,2.4251198104129,2.31338957706457,2.21891097521687,2.09939932195508,1.98724039091498,1.93857226953794,1.86356048836271,1.78803133535926,1.7332156910323,1.70633952680677,1.64144675630896,1.62030760711342,1.60080718359641,1.60380658649653,1.61676364444419,1.64702594229195,1.63393338849379,1.66161809265432,1.72272134179494,1.79234912928103,1.80922026253873,1.81007603093137,1.79803649220897,1.86354536411501,1.8748561116751,1.92631738147071,1.92977777738024,1.92480955743217,1.86780524239913,1.85087390989038,1.82090357663486,1.81408858991354,1.81491733501571,1.74847147152068,1.72786969115701
Latin America & the Caribbean (IDA & IBRD countries),TLA,5.94699989004709,5.9328219422575,5.91705969060508,5.88786147658241,5.83056198744048,5.74642277334614,5.65081409063592,5.54525596741641,5.43828589139458,5.34088924368102,5.24547139464687,5.15108219602505,5.04993844505271,4.95013892435626,4.83480535420279,4.73398391579759,4.64071733034788,4.5484943273805,4.45365600705081,4.34760686929206,4.2409929091221,4.14296453377509,4.04506307622284,3.94557359924036,3.8444763261036,3.74615291891968,3.65431668143985,3.55184218165914,3.4579711357213,3.37763565276943,3.30115089766509,3.22905085141466,3.15400417202293,3.09512905052878,3.03071812019885,2.96727315697144,2.89611725628356,2.83275088473781,2.77368048497473,2.70524986274976,2.63633862806184,2.56819055960504,2.50456976390976,2.44358526294542,2.40136589725139,2.36246160626151,2.31798470730863,2.27825317482823,2.24870291864096,2.22074317176871,2.19235147808548,2.17173767198677,2.14177057844675,2.11969030697551,2.10222769066337,2.070155624721,2.01803165230531,1.99342119749853,1.97423907173587,1.92884194956371,1.86889841943454,1.84409539404326,1.82203190749137,1.80414192300781
"Middle East, North Africa, Afghanistan & Pakistan (IDA & IBRD)",TMN,6.98920934561558,7.01138731304418,7.06367689348168,7.04398523958933,7.01396352530694,6.98298978711875,6.96478623017655,6.94697621907675,6.92019826888453,6.88396561905607,6.83363638756391,6.77310892950621,6.7053273011662,6.64914643820049,6.61225276870865,6.58676597045661,6.57939571136647,6.56061527808659,6.54208188900593,6.53680999551613,6.50131487633698,6.4372880866228,6.37756585529525,6.31181739373735,6.22571829032749,6.12138665338542,5.99437112849732,5.86095660731806,5.73215617303728,5.59166350669767,5.45274456277147,5.29291189563391,5.12152799211417,4.95676967289656,4.79709342953579,4.6162848295284,4.45158485755972,4.32541475467486,4.21420838823085,4.13202578901809,4.03313583947304,3.92235403419663,3.81899845978396,3.75590229901836,3.66329933893295,3.61438148977568,3.60322364692506,3.58812308378204,3.57557545434726,3.5663476769365,3.5573121719595,3.54124003516249,3.53708238309063,3.52674285714679,3.50912887154978,3.47885083971551,3.41545492925523,3.38731160765158,3.29738689646707,3.22947151957324,3.1920336825828,3.14720035423158,3.11399696821534,3.08266683185516
South Asia (IDA & IBRD),TSA,5.99643314493816,6.01292550013622,6.02832846438143,6.0398677590804,6.04572178301191,6.008650221683,5.95428427460588,5.90764870193796,5.84957895939763,5.78200152561332,5.73113650750894,5.67694375572139,5.60130386870779,5.52599428260384,5.45583178561272,5.33807896974918,5.27444137494508,5.15974663561678,5.05130631651815,4.97314912067142,4.93210389308236,4.85508043055275,4.76963779583485,4.69716379179166,4.63543091770381,4.54089790157858,4.48421257180628,4.38245113866164,4.28044288663875,4.18658328511583,4.09079809478255,3.98965383518945,3.89236745569418,3.80300535566384,3.72552810756277,3.64485252790157,3.57154357867819,3.50744412442615,3.43651880803499,3.37233736803084,3.33395356090725,3.28308388400588,3.19828354094027,3.10343433102198,3.02541628348848,2.93687989722614,2.84697285381899,2.75669654521409,2.68905082515755,2.64443180727681,2.56574779030977,2.50022514366302,2.44177823996936,2.37827206529081,2.28396274115946,2.27891070577889,2.2733060135155,2.19158171903298,2.18134059924297,2.12407623256393,2.06019382226457,2.03102990361988,2.01401171309975,1.99556441998933
Sub-Saharan Africa (IDA & IBRD countries),TSS,6.57175107156462,6.58571655380682,6.60390996665115,6.61960920539895,6.63603034843255,6.650388568379,6.67747347276146,6.69402613956889,6.70872169060774,6.72015983325188,6.73541748554794,6.75655309270745,6.77135263182088,6.78278723428114,6.79683073910367,6.80639805760758,6.80547710156736,6.80735011453269,6.80824261381843,6.7926282121244,6.77334619886944,6.74806811693294,6.72084570386242,6.68550687265286,6.63803070080624,6.5869276136374,6.53893839277634,6.49032982846357,6.43404367064139,6.373415097691,6.30104158509286,6.24298819620137,6.18200606176961,6.12528105635408,6.06470169714644,6.00466548721661,5.93565342182207,5.86627830955653,5.81443019518496,5.7770198423302,5.73773655872012,5.69618761864136,5.65152239416774,5.61321051983256,5.58655124417467,5.55866997151161,5.52178259567579,5.4761027827376,5.44570154645802,5.3858400117165,5.32483728093835,5.25454227435434,5.17788889708354,5.09694190762164,5.02360313569775,4.94309396610616,4.85964137221829,4.78022796585899,4.69665184284359,4.61328768259518,4.5296824078878,4.46442444851627,4.3965182058548,4.33245083585001
Upper middle income,UMC,4.86607364303606,4.54703154668911,5.78602894046546,6.56923537526776,6.08504101510918,6.02714593412678,5.84783684981244,5.54562053556207,5.90716151000014,5.69443222825595,5.61356162083455,5.26564923150025,4.99829223554557,4.74088876007162,4.38296987469537,4.01449444225279,3.79400133888857,3.53879957559396,3.43031590244961,3.40952794317412,3.36667690272702,3.35772268589976,3.42542228116797,3.15645970025425,3.13880459237082,3.09923706336234,3.10219990299568,3.07814064505131,2.91213669482661,2.85743807496573,2.80684838979167,2.44643629011219,2.31590438082727,2.23399755010931,2.16515348646058,2.10873634804387,2.05569716502268,2.01098945684604,1.98018158540084,1.95566253686059,1.97995536450987,1.92066193134178,1.9004098952096,1.88959550104105,1.90546143650987,1.91282604162945,1.91969851496058,1.92855296902382,1.94740667177155,1.94794921093757,1.93188483222883,1.928786334023,1.99994662886927,1.94955518751985,1.97718214785632,1.91299088195997,1.9449124760992,1.93972433757042,1.79874875139142,1.75924146878879,1.6146885989909,1.549508851165,1.49760651683793,1.47472512641046
World,WLD,4.68612947945316,4.56475472574651,5.02406253709377,5.31430470898607,5.13081514120538,5.08093194731238,4.96824850941136,4.86580781697261,4.97825772929304,4.88003252839929,4.84002925303769,4.68936443294191,4.54782350464613,4.41717270704073,4.25592776900705,4.07351252962063,3.96690791257671,3.84198804720794,3.77381897612466,3.75640639104684,3.73131942039854,3.70557208491763,3.72160021425981,3.59480031460332,3.56788194797433,3.52964844274917,3.51437325637263,3.48258039588679,3.39314531574198,3.34612386549902,3.30678722501726,3.12602592780501,3.03901010472103,2.97156251908812,2.91910113219286,2.86595680117639,2.81877812096175,2.77886494332902,2.74684521774943,2.7213862857813,2.72993367447802,2.68857132229265,2.66013030477774,2.63807688583646,2.62802684604042,2.61073450761972,2.60628111157862,2.60198840418013,2.60338909222478,2.59304109484737,2.5681653452478,2.5480532851205,2.56448910818067,2.52503927351859,2.51757340695433,2.4900575508378,2.49142099814092,2.45985817453245,2.39176812517027,2.35327354169831,2.27641712252834,2.24577248748034,2.21522779577453,2.19590911593139
