Country Name,Country Code,1960,1961,1962,1963,1964,1965,1966,1967,1968,1969,1970,1971,1972,1973,1974,1975,1976,1977,1978,1979,1980,1981,1982,1983,1984,1985,1986,1987,1988,1989,1990,1991,1992,1993,1994,1995,1996,1997,1998,1999,2000,2001,2002,2003,2004,2005,2006,2007,2008,2009,2010,2011,2012,2013,2014,2015,2016,2017,2018,2019,2020,2021,2022,2023,2024
Africa Eastern and Southern,AFE,130075728.0,133534923.0,137171659.0,140945536.0,144904094.0,149033472.0,153281203.0,157704381.0,162329396.0,167088245.0,171984985.0,177022314.0,182126556.0,187524135.0,193186642.0,198914573.0,204802976.0,210680842.0,217074286.0,223974122.0,230792729.0,238043099.0,245822010.0,253644643.0,261458202.0,269450407.0,277621771.0,286067346.0,294498625.0,302939121.0,311748681.0,320442961.0,329082707.0,338324002.0,347441809.0,356580375.0,366138524.0,375646235.0,385505757.0,395750933.0,406156661.0,416807868.0,427820358.0,439173286.0,450928044.0,463076637.0,475606210.0,488580707.0,502070763.0,516003448.0,530308387.0,544737983.0,559609961.0,575202699.0,590968990.0,607123269.0,623369401.0,640058741.0,657801085.0,675950189.0,694446100.0,713090928.0,731821393.0,750491370.0,769280888.0
Africa Western and Central,AFW,97630925.0,99706674.0,101854756.0,104089175.0,106388440.0,108772632.0,111246953.0,113795019.0,116444636.0,119203521.0,122086536.0,125072948.0,128176494.0,131449942.0,134911581.0,138569918.0,142337272.0,146258576.0,150402616.0,154721711.0,159166518.0,163762473.0,168585118.0,173255157.0,177880746.0,182811038.0,187889141.0,193104347.0,198485027.0,204062274.0,209566031.0,215178709.0,221191375.0,227246778.0,233360104.0,239801875.0,246415446.0,253207584.0,260297834.0,267506298.0,274968446.0,282780717.0,290841795.0,299142845.0,307725100.0,316588476.0,325663158.0,334984176.0,344586109.0,354343844.0,364358270.0,374790143.0,385360349.0,396030207.0,406992047.0,418127845.0,429454743.0,440882906.0,452195915.0,463365429.0,474569351.0,485920997.0,497387180.0,509398589.0,521764076.0
Arab World,ARB,91540853.0,93931683.0,96428599.0,99038509.0,101729760.0,104494008.0,107403055.0,110491709.0,113712171.0,117053219.0,120469263.0,123950810.0,127535560.0,131335660.0,135282861.0,139495837.0,144014135.0,148599336.0,153568663.0,159054118.0,164657321.0,170015485.0,175370356.0,180973288.0,186733957.0,192563243.0,198509771.0,204524595.0,210269696.0,215969068.0,223184294.0,228402316.0,234321565.0,240926205.0,247626514.0,253952538.0,260229121.0,266565183.0,273094199.0,279709634.0,286548096.0,293580252.0,300691509.0,307815105.0,315060277.0,322628451.0,330526310.0,338947976.0,347684619.0,356386673.0,363568534.0,372054934.0,381030177.0,390954281.0,400231008.0,410190679.0,419808341.0,428315886.0,435998060.0,444281315.0,453723239.0,460646603.0,471352066.0,482105978.0,492612632.0
Central Europe and the Baltics,CEB,91401309.0,92231375.0,93008589.0,93840016.0,94715795.0,95440988.0,96146336.0,97043270.0,97884022.0,98606630.0,99134548.0,99635258.0,100357161.0,101112680.0,101939916.0,102860571.0,103776068.0,104616884.0,105329397.0,105948616.0,106541316.0,107129392.0,107730380.0,108297837.0,108838073.0,109338285.0,109824166.0,110296425.0,110686740.0,110801640.0,110743128.0,110469467.0,110111454.0,110041924.0,110021594.0,109864246.0,109626194.0,109422013.0,109238340.0,109060951.0,108447824.0,107660041.0,106959751.0,106624167.0,106331716.0,106041911.0,105772481.0,105378748.0,105001883.0,104800475.0,104421447.0,104174038.0,103929494.0,103570062.0,103280478.0,102973167.0,102647939.0,102337501.0,102074201.0,101864274.0,101215763.0,100205732.0,100071871.0,100183707.0,100061963.0
Channel Islands,CHI,110808.0,111782.0,112953.0,114234.0,115561.0,116879.0,118186.0,119505.0,120793.0,122039.0,123288.0,124555.0,125764.0,126873.0,127893.0,128781.0,129391.0,129726.0,129981.0,130220.0,130462.0,131078.0,132172.0,133413.0,134727.0,136075.0,137413.0,138743.0,140089.0,141501.0,143087.0,144269.0,144733.0,144984.0,145163.0,145247.0,145565.0,146214.0,146906.0,147554.0,148110.0,148850.0,149881.0,150960.0,152039.0,153126.0,154214.0,155309.0,156408.0,157511.0,158621.0,159706.0,160767.0,161777.0,162726.0,163454.0,163883.0,164319.0,164949.0,165639.0,166235.0,166741.0,167215.0,167691.0,168126.0
Caribbean small states,CSS,2558348.0,2614258.0,2670187.0,2728278.0,2784804.0,2839698.0,2894435.0,2948759.0,3002786.0,3055925.0,3104308.0,3148560.0,3185617.0,3215024.0,3242803.0,3269733.0,3296410.0,3322722.0,3348386.0,3373242.0,3399087.0,3425354.0,3450895.0,3476621.0,3502418.0,3530570.0,3559870.0,3586018.0,3610609.0,3634409.0,3654949.0,3677765.0,3706523.0,3735156.0,3763806.0,3795917.0,3829184.0,3861673.0,3893594.0,3925229.0,3956229.0,3987087.0,4018796.0,4050990.0,4080569.0,4049468.0,4072929.0,4098855.0,4124966.0,4146899.0,4173335.0,4201107.0,4228445.0,4257682.0,4286546.0,4314191.0,4341333.0,4366140.0,4407658.0,4443134.0,4459302.0,4479167.0,4497310.0,4519904.0,4539060.0
East Asia & Pacific (excluding high income),EAP,895961535.0,895534581.0,907473022.0,930810837.0,953783472.0,977366928.0,1004271490.0,1030471073.0,1057697808.0,1086662478.0,1116395242.0,1146649477.0,1175176176.0,1202715705.0,1228688547.0,1252174248.0,1273922384.0,1294303118.0,1314775496.0,1335637622.0,1356226475.0,1377473854.0,1401081634.0,1424971585.0,1447871073.0,1471340337.0,1496124294.0,1522374575.0,1549038591.0,1575101307.0,1600739173.0,1625498444.0,1648872786.0,1671604370.0,1694244506.0,1716602413.0,1738632397.0,1760512371.0,1781546477.0,1800932833.0,1819011507.0,1836260943.0,1852659155.0,1868409996.0,1883675167.0,1898853723.0,1914002124.0,1929185103.0,1944305887.0,1959017463.0,1973602166.0,1989106668.0,2006566431.0,2023850158.0,2040383789.0,2056050896.0,2071486140.0,2087238522.0,2100698838.0,2112289891.0,2121866294.0,2128553744.0,2133560408.0,2137527754.0,2141122258.0
Early-demographic dividend,EAR,968909356.0,994176841.0,1020130725.0,1046697479.0,1074021283.0,1101264258.0,1128474732.0,1156817324.0,1185936827.0,1215536741.0,1245960808.0,1276141826.0,1307009646.0,1339671375.0,1373219822.0,1407636737.0,1442753987.0,1478479688.0,1514572817.0,1552194676.0,1591961664.0,1634107159.0,1677532811.0,1721104015.0,1765269111.0,1810019176.0,1855391159.0,1901405537.0,1947928955.0,1994666990.0,2044241467.0,2092102478.0,2138854231.0,2184656122.0,2228719169.0,2273692181.0,2321284245.0,2369042441.0,2416119734.0,2462704115.0,2509431470.0,2556335424.0,2601917557.0,2647109296.0,2693184997.0,2738846905.0,2784726644.0,2830531957.0,2875943965.0,2921563644.0,2967104472.0,3013476947.0,3058869436.0,3103677284.0,3146800078.0,3190318707.0,3233033717.0,3274060446.0,3314245247.0,3355014793.0,3396051187.0,3432026092.0,3470644834.0,3511607650.0,3552278604.0
East Asia & Pacific,EAS,1042818620.0,1044749888.0,1059216594.0,1085095424.0,1110651177.0,1136869154.0,1166223463.0,1194633135.0,1224397449.0,1256167955.0,1288721548.0,1322856516.0,1354228289.0,1384605041.0,1413496627.0,1439634332.0,1463747757.0,1486397441.0,1509073118.0,1532261700.0,1555055871.0,1578588756.0,1604460320.0,1630462798.0,1655263328.0,1680467718.0,1706848439.0,1734703629.0,1762936165.0,1790597018.0,1817735909.0,1844189975.0,1869074614.0,1893258583.0,1917389243.0,1941185229.0,1964830092.0,1988067577.0,2010443502.0,2030912462.0,2050149617.0,2068682053.0,2086144389.0,2102761941.0,2118747885.0,2134573057.0,2150688938.0,2167046538.0,2183472438.0,2199148703.0,2214613815.0,2230826576.0,2249081393.0,2267072102.0,2284385542.0,2300844269.0,2317076058.0,2333475520.0,2347576325.0,2359762190.0,2369420882.0,2375117716.0,2379617118.0,2384441485.0,2388319494.0
Europe & Central Asia (excluding high income),ECA,128810451.0,131617926.0,134400419.0,137187829.0,139973968.0,142668572.0,145371529.0,148087983.0,150777578.0,153462746.0,155918823.0,158428591.0,161049046.0,163601189.0,166121814.0,168594458.0,171119860.0,173726978.0,176315643.0,178774505.0,181309432.0,183746315.0,186272610.0,188979984.0,191755370.0,194525195.0,197344981.0,200194022.0,202990335.0,205733205.0,208212866.0,210169114.0,212032319.0,213395945.0,214329901.0,215114964.0,216002100.0,216672059.0,217104725.0,217579952.0,218486598.0,219435056.0,220400259.0,221399692.0,222413290.0,223360135.0,224417513.0,225016072.0,226524480.0,228250911.0,230106440.0,231988438.0,233875199.0,235905150.0,237999321.0,240083379.0,242224182.0,244308649.0,246400484.0,248576676.0,250351240.0,251867727.0,250514347.0,248721385.0,250281521.0
Europe & Central Asia,ECS,667887356.0,675548634.0,683341199.0,691189404.0,699058435.0,706683416.0,713443573.0,720146318.0,726634174.0,733044421.0,738724073.0,744432963.0,750728655.0,756775460.0,762546552.0,768080678.0,773619713.0,779117798.0,784556247.0,789862141.0,795362835.0,800542417.0,805247476.0,809947364.0,814856984.0,819874109.0,825034695.0,830294805.0,835601587.0,840881506.0,845290251.0,849169385.0,852664501.0,855554222.0,857724587.0,859504754.0,861073426.0,862335057.0,863317613.0,864306932.0,865392479.0,866590696.0,868234843.0,870529446.0,873069464.0,875563919.0,878166933.0,880656346.0,884224673.0,887741128.0,890990371.0,893009595.0,896514510.0,899907172.0,903561071.0,907527486.0,911579016.0,915065824.0,918689254.0,921932163.0,923664467.0,924381062.0,924234471.0,924773523.0,928263208.0
Euro area,EMU,270148970.0,272472951.0,274815182.0,277205348.0,279621056.0,282028347.0,284299197.0,286298506.0,288206171.0,290179378.0,291834356.0,293516097.0,295527442.0,297413652.0,299065145.0,300516726.0,301804324.0,303021757.0,304275086.0,305541545.0,306894340.0,308127421.0,308901125.0,309543455.0,310046458.0,310617659.0,311372728.0,312223048.0,313272522.0,314634075.0,316087007.0,317407910.0,318742973.0,320053176.0,321024031.0,321808185.0,322568383.0,323306275.0,323976358.0,324781951.0,325789631.0,326861195.0,328469678.0,330286340.0,332140117.0,333897752.0,335499702.0,337282985.0,338978475.0,340136844.0,341002804.0,340367367.0,341100659.0,341639530.0,342228563.0,343180482.0,344132977.0,344810179.0,345864630.0,346496601.0,346986142.0,347207191.0,348200155.0,349762722.0,351161936.0
European Union,EUU,357710476.0,360681613.0,363707978.0,366840786.0,370055037.0,373129199.0,376058575.0,378902917.0,381579577.0,384226226.0,386406167.0,388553371.0,391197266.0,393739994.0,396124649.0,398397694.0,400490355.0,402445831.0,404312949.0,406112162.0,407986180.0,409724709.0,410988238.0,412072128.0,412998350.0,413962998.0,415087013.0,416296769.0,417653885.0,419102379.0,420525030.0,421741276.0,422968989.0,424344744.0,425404352.0,426210050.0,426905134.0,427547651.0,428120105.0,428825949.0,429339162.0,429909307.0,430924112.0,432512916.0,434193248.0,435789139.0,437263803.0,438796003.0,440270719.0,441388573.0,442088310.0,441414078.0,442069839.0,442425741.0,442920819.0,443793218.0,444676652.0,445321060.0,446329890.0,446910453.0,446870959.0,446227358.0,447202673.0,448897545.0,450228188.0
Fragile and conflict affected situations,FCS,244461631.0,249737371.0,255228141.0,260895002.0,266719458.0,272676376.0,278749755.0,284996969.0,291464978.0,298094137.0,304858040.0,311844505.0,319025117.0,326527998.0,334361510.0,342377291.0,350583131.0,358846637.0,367727720.0,376996705.0,385675261.0,393958598.0,402886924.0,412313057.0,422123181.0,432271865.0,442386405.0,452678880.0,463045466.0,473853393.0,486723712.0,497970454.0,510691966.0,524592905.0,539513196.0,554041514.0,566796346.0,579354582.0,592889780.0,607064140.0,621080692.0,635481068.0,651226758.0,667644273.0,684007365.0,700820603.0,717975893.0,735110300.0,753058095.0,772015937.0,791371804.0,810972272.0,831065598.0,851404936.0,871345375.0,890869511.0,910836458.0,931222867.0,951851595.0,973035228.0,994901090.0,1016906998.0,1036390026.0,1057033168.0,1081767572.0
High income,HIC,908257300.0,919449343.0,930832910.0,942141564.0,953477851.0,964459737.0,974216640.0,983598764.0,992893702.0,1002359669.0,1011801481.0,1022885127.0,1032671994.0,1042151537.0,1051440406.0,1060472674.0,1069129380.0,1077728159.0,1086358633.0,1095282220.0,1104005914.0,1112639701.0,1120660141.0,1128262810.0,1135690050.0,1143179465.0,1150810379.0,1158607400.0,1166527684.0,1174766407.0,1182189938.0,1190620652.0,1199265190.0,1207321942.0,1214865411.0,1222056186.0,1229173348.0,1236130405.0,1242897726.0,1249367360.0,1255696330.0,1262093741.0,1268559564.0,1275200577.0,1282168195.0,1289125857.0,1296891494.0,1305578110.0,1314671040.0,1322754052.0,1328657754.0,1334557663.0,1342428400.0,1350149879.0,1357496263.0,1366013614.0,1374284415.0,1380319892.0,1385103279.0,1389770301.0,1393472875.0,1391814501.0,1398001706.0,1408190184.0,1417841927.0
Heavily indebted poor countries (HIPC),HPC,163650527.0,167634887.0,171771666.0,176063263.0,180537667.0,185208644.0,190048827.0,195111370.0,200419142.0,205895893.0,211549510.0,217344674.0,223189830.0,229341403.0,235791936.0,242344150.0,249034009.0,255707170.0,262985512.0,270569759.0,277128014.0,283255371.0,290471550.0,298600262.0,306943902.0,315429759.0,324025001.0,333016950.0,342381086.0,352065913.0,361657937.0,371411648.0,382507617.0,394851493.0,406935718.0,418830100.0,431006940.0,443196153.0,455939263.0,469076891.0,481984327.0,495197350.0,509679981.0,524773987.0,539803501.0,555358929.0,571454590.0,587432384.0,604007702.0,621337653.0,638796398.0,656783491.0,675397557.0,694622934.0,714769441.0,735429414.0,756895035.0,779389964.0,802020674.0,824649053.0,847743308.0,870930036.0,893906294.0,917304254.0,941413026.0
IBRD only,IBD,1893704624.0,1915613080.0,1950274734.0,1996753344.0,2043309631.0,2090209567.0,2139608511.0,2188950141.0,2239610101.0,2292098651.0,2346056161.0,2401008150.0,2454764228.0,2508370507.0,2561343989.0,2613194091.0,2664387118.0,2714845767.0,2765565797.0,2816995104.0,2869277824.0,2923255528.0,2980033813.0,3037252917.0,3094477559.0,3152581662.0,3212177926.0,3273388723.0,3334875641.0,3395765359.0,3455533853.0,3513390696.0,3568890021.0,3622924380.0,3675872938.0,3728290191.0,3780446473.0,3832391543.0,3884078902.0,3934521819.0,3983328255.0,4031080605.0,4077229003.0,4122775918.0,4168676771.0,4214082145.0,4258827055.0,4302067550.0,4346234014.0,4391389527.0,4436714947.0,4483152627.0,4532100585.0,4581958556.0,4630607878.0,4676773551.0,4721566970.0,4765773411.0,4806981820.0,4845075024.0,4878296727.0,4905212516.0,4928196300.0,4952212190.0,4979421568.0
IDA & IBRD total,IBT,2289192009.0,2321079191.0,2366117598.0,2423348992.0,2481068241.0,2539564344.0,2600930009.0,2662674586.0,2726203260.0,2791883177.0,2859123476.0,2926951963.0,2994028911.0,3062266606.0,3130418531.0,3197494325.0,3264075702.0,3330218383.0,3397524507.0,3466649271.0,3536954994.0,3609089669.0,3685043956.0,3762109361.0,3839296592.0,3918002286.0,3998725110.0,4081589183.0,4165012459.0,4248240134.0,4330689753.0,4411587746.0,4491324220.0,4570777029.0,4649243135.0,4727566480.0,4806199043.0,4884731621.0,4963254080.0,5040645749.0,5116723507.0,5192348770.0,5267145775.0,5341840046.0,5417128229.0,5492481030.0,5568236362.0,5643505923.0,5720065907.0,5797994405.0,5876645582.0,5956718993.0,6038958543.0,6120456890.0,6201607778.0,6280961830.0,6360153661.0,6440011821.0,6518058354.0,6594216452.0,6666470352.0,6732651035.0,6794724390.0,6858521511.0,6926222113.0
IDA total,IDA,395487385.0,405466111.0,415842864.0,426595648.0,437758610.0,449354777.0,461321498.0,473724445.0,486593159.0,499784526.0,513067315.0,525943813.0,539264683.0,553896099.0,569074542.0,584300234.0,599688584.0,615372616.0,631958710.0,649654167.0,667677170.0,685834141.0,705010143.0,724856444.0,744819033.0,765420624.0,786547184.0,808200460.0,830136818.0,852474775.0,875155900.0,898197050.0,922434199.0,947852649.0,973370197.0,999276289.0,1025752570.0,1052340078.0,1079175178.0,1106123930.0,1133395252.0,1161268165.0,1189916772.0,1219064128.0,1248451458.0,1278398885.0,1309409307.0,1341438373.0,1373831893.0,1406604878.0,1439930635.0,1473566366.0,1506857958.0,1538498334.0,1570999900.0,1604188279.0,1638586691.0,1674238410.0,1711076534.0,1749141428.0,1788173625.0,1827438519.0,1866528090.0,1906309321.0,1946800545.0
IDA blend,IDB,124475467.0,127688784.0,131049320.0,134563454.0,138208407.0,141992226.0,145904459.0,149923848.0,154080039.0,158393968.0,162852517.0,167356115.0,172011394.0,176954946.0,182138604.0,187586058.0,193252681.0,199165729.0,205318127.0,211887858.0,219552133.0,227625217.0,235282858.0,242589635.0,249868265.0,257661913.0,265801351.0,274161638.0,282708012.0,291381564.0,300366368.0,309491517.0,318337815.0,327140314.0,336096421.0,345327214.0,354861820.0,364489851.0,374262946.0,384018319.0,394129957.0,404662385.0,414935066.0,425311302.0,436147454.0,447132945.0,458394453.0,470476526.0,482975881.0,495610570.0,508422508.0,520984443.0,532980174.0,544442648.0,555868551.0,567234056.0,578463670.0,590024074.0,601951913.0,614017319.0,626440308.0,639196319.0,651895919.0,664395892.0,676957651.0
IDA only,IDX,271011918.0,277777327.0,284793544.0,292032194.0,299550203.0,307362551.0,315417039.0,323800597.0,332513120.0,341390558.0,350214798.0,358587698.0,367253289.0,376941153.0,386935938.0,396714176.0,406435903.0,416206887.0,426640583.0,437766309.0,448125037.0,458208924.0,469727285.0,482266809.0,494950768.0,507758711.0,520745833.0,534038822.0,547428806.0,561093211.0,574789532.0,588705533.0,604096384.0,620712335.0,637273776.0,653949075.0,670890750.0,687850227.0,704912232.0,722105611.0,739265295.0,756605780.0,774981706.0,793752826.0,812304004.0,831265940.0,851014854.0,870961847.0,890856012.0,910994308.0,931508127.0,952581923.0,973877784.0,994055686.0,1015131349.0,1036954223.0,1060123021.0,1084214336.0,1109124621.0,1135124109.0,1161733317.0,1188242200.0,1214632171.0,1241913429.0,1269842894.0
Latin America & Caribbean (excluding high income),LAC,192855898.0,198298501.0,203914785.0,209675273.0,215558178.0,221535468.0,227585310.0,233696754.0,239864448.0,246093261.0,252358538.0,258688096.0,265122103.0,271649494.0,278251796.0,284908402.0,291624269.0,298457236.0,305428657.0,312477579.0,319588567.0,326710408.0,333866128.0,341148229.0,348504110.0,355849792.0,363159117.0,370452304.0,377766659.0,385080987.0,392413347.0,399683088.0,406898894.0,414075451.0,421179547.0,428268339.0,435299542.0,442282724.0,449283157.0,456223550.0,462953688.0,469463143.0,475799008.0,481977727.0,488032486.0,494006571.0,499910627.0,505793340.0,511659365.0,517459947.0,523147480.0,528822706.0,534503260.0,540118712.0,545661592.0,551075145.0,556440282.0,561957179.0,567711159.0,573311679.0,578091505.0,581884231.0,585648822.0,589889543.0,594158638.0
Latin America & Caribbean,LCN,218624695.0,224737321.0,231038261.0,237499676.0,244080552.0,250750949.0,257488362.0,264279682.0,271127278.0,278039112.0,284995920.0,292033454.0,299187510.0,306451409.0,313798324.0,321203546.0,328673285.0,336262441.0,344000129.0,351820083.0,359713036.0,367619244.0,375568417.0,383657148.0,391832861.0,400012327.0,408172564.0,416332693.0,424525590.0,432726590.0,440958144.0,449128999.0,457245250.0,465325731.0,473328616.0,481309028.0,489235073.0,497097004.0,504952583.0,512730984.0,520272118.0,527572583.0,534691591.0,541643365.0,548455563.0,555120780.0,561751999.0,568345245.0,574908733.0,581388129.0,587752505.0,594086829.0,600420316.0,606683307.0,612849401.0,618868462.0,624737786.0,630414986.0,635778081.0,640962372.0,645498186.0,649236072.0,653108120.0,657616517.0,662186388.0
Least developed countries: UN classification,LDC,245048596.0,250984924.0,257173413.0,263557766.0,270194662.0,277101968.0,284221585.0,291642814.0,299374569.0,307260565.0,315102512.0,322517398.0,330244369.0,339000836.0,348044659.0,356845675.0,365558134.0,374293198.0,383667234.0,393715341.0,403007563.0,412046787.0,422560922.0,434142125.0,445947594.0,457866946.0,469843634.0,482075790.0,494400159.0,506991476.0,519693837.0,532595517.0,546905231.0,562489881.0,578028937.0,593609643.0,609407699.0,625267815.0,641401023.0,657616923.0,673630102.0,689878805.0,707266809.0,725111768.0,742717957.0,760741611.0,779230030.0,797516000.0,816268129.0,835687108.0,855348118.0,875685078.0,896684951.0,918269633.0,940284138.0,962508256.0,985414939.0,1008993468.0,1033110314.0,1058013514.0,1083636132.0,1109175268.0,1134585604.0,1160824674.0,1187777591.0
Low income,LIC,114749038.0,117449222.0,120247507.0,123153845.0,126203534.0,129388226.0,132707292.0,136209201.0,139862334.0,143593621.0,147417297.0,151313255.0,155206976.0,159304515.0,163605392.0,167964187.0,172393281.0,176957140.0,182134871.0,187656318.0,192424417.0,196030673.0,200239487.0,205645993.0,211255335.0,216877271.0,222444478.0,228079094.0,233656588.0,239520711.0,245338485.0,250935723.0,257817106.0,265888248.0,273508544.0,281169146.0,289332496.0,297416997.0,305718387.0,314325970.0,322668237.0,331269527.0,341035328.0,351244442.0,361305645.0,371788197.0,383041001.0,394448347.0,405862712.0,417577386.0,429515596.0,441658754.0,453652889.0,465087882.0,476470767.0,488308267.0,501149314.0,514890519.0,529522043.0,544980983.0,560643073.0,576076618.0,591481496.0,607774703.0,624608098.0
Lower middle income,LMC,819316105.0,839921567.0,861015557.0,882650423.0,904811416.0,927102247.0,949379894.0,972239035.0,995662056.0,1019411884.0,1043977970.0,1068357281.0,1093403193.0,1120170342.0,1147885460.0,1176467266.0,1205621573.0,1235700491.0,1266293483.0,1298149128.0,1332297507.0,1367489973.0,1403093561.0,1439288342.0,1476095233.0,1513694513.0,1551923872.0,1590598381.0,1629655073.0,1669138722.0,1711634869.0,1752379727.0,1792821112.0,1833665328.0,1874637283.0,1915943684.0,1957535877.0,1999429097.0,2041752501.0,2083995762.0,2126559759.0,2169474338.0,2211549617.0,2253206148.0,2295275996.0,2336911352.0,2378783316.0,2421545203.0,2464036877.0,2506795582.0,2550264612.0,2593815085.0,2637101332.0,2679816109.0,2723061855.0,2765011526.0,2806590212.0,2847931114.0,2888561818.0,2928617292.0,2968398856.0,3006243027.0,3043358377.0,3082002881.0,3120980912.0
Low & middle income,LMY,2083718515.0,2112956756.0,2155317281.0,2209805827.0,2264731089.0,2320529383.0,2379893006.0,2439437803.0,2500774399.0,2564343032.0,2629570646.0,2695387305.0,2760300540.0,2826286599.0,2892061210.0,2956658953.0,3020488457.0,3084056561.0,3148921134.0,3215700977.0,3283910246.0,3353295180.0,3426055936.0,3500358704.0,3574605687.0,3650257753.0,3727939991.0,3807567876.0,3887617477.0,3967659848.0,4049620054.0,4127853483.0,4205224081.0,4282493268.0,4358651071.0,4434718175.0,4511311531.0,4587799929.0,4664177477.0,4739595823.0,4814250279.0,4888551481.0,4961926647.0,5034824498.0,5108183576.0,5181562375.0,5255157355.0,5328158709.0,5402245137.0,5477389130.0,5553257507.0,5630227189.0,5709148191.0,5787391504.0,5865202078.0,5941222744.0,6017111688.0,6093971714.0,6169658713.0,6243562839.0,6313913801.0,6378323939.0,6437946207.0,6498875200.0,6563501708.0
Late-demographic dividend,LTE,1094883717.0,1096959453.0,1111293141.0,1137056579.0,1162405292.0,1188451832.0,1217220438.0,1245130293.0,1273820149.0,1304068257.0,1334963829.0,1366487769.0,1396407513.0,1425381475.0,1452919554.0,1478265786.0,1502269051.0,1524947137.0,1547677040.0,1570272872.0,1592439385.0,1615106897.0,1639793804.0,1664394629.0,1688121991.0,1712585483.0,1738504785.0,1765799733.0,1793220326.0,1819952808.0,1844718134.0,1868272190.0,1890820460.0,1912010271.0,1932650915.0,1952702058.0,1972254664.0,1991505992.0,2010169496.0,2027628907.0,2043581322.0,2058600486.0,2072599555.0,2086139068.0,2099412663.0,2112603351.0,2126122277.0,2139958608.0,2153941306.0,2167303374.0,2179525352.0,2193171336.0,2209319631.0,2225005187.0,2241122152.0,2256126712.0,2270841806.0,2285870134.0,2298394042.0,2308878047.0,2316152451.0,2320127638.0,2323799591.0,2326296729.0,2328628339.0
"Middle East, North Africa, Afghanistan & Pakistan",MEA,157933392.0,162068656.0,166390935.0,170881281.0,175548682.0,180361095.0,185366083.0,190664582.0,196098319.0,201742643.0,207569650.0,213438350.0,219448355.0,225808044.0,232392106.0,239405806.0,246821883.0,254463059.0,262393904.0,270666000.0,279347788.0,288391729.0,297671219.0,307301861.0,317366458.0,327681501.0,338209596.0,348933449.0,359728415.0,370724431.0,383279026.0,394251647.0,405847278.0,417150344.0,428117445.0,438968860.0,449859387.0,460864078.0,472047033.0,483430509.0,494850317.0,506478256.0,518193093.0,530338988.0,543086512.0,556210211.0,569898499.0,583743828.0,597799097.0,612128501.0,624828664.0,639053870.0,653273442.0,667464006.0,680716578.0,694232973.0,707023525.0,718887744.0,730362334.0,742714463.0,756405281.0,767578451.0,782349366.0,797801454.0,813146136.0
Middle income,MIC,1968969477.0,1995507534.0,2035069774.0,2086651982.0,2138527555.0,2191141157.0,2247185714.0,2303228602.0,2360912065.0,2420749411.0,2482153349.0,2544074050.0,2605093564.0,2666982084.0,2728455818.0,2788694766.0,2848095176.0,2907099421.0,2966786263.0,3028044659.0,3091485829.0,3157264507.0,3225816449.0,3294712711.0,3363350352.0,3433380482.0,3505495513.0,3579488782.0,3653960889.0,3728139137.0,3804281569.0,3876917760.0,3947406975.0,4016605020.0,4085142527.0,4153549029.0,4221979035.0,4290382932.0,4358459090.0,4425269853.0,4491582042.0,4557281954.0,4620891319.0,4683580056.0,4746877931.0,4809774178.0,4872116354.0,4933710362.0,4996382425.0,5059811744.0,5123741911.0,5188568435.0,5255495302.0,5322303622.0,5388731311.0,5452914477.0,5515962374.0,5579081195.0,5640136670.0,5698581856.0,5753270728.0,5802247321.0,5846464711.0,5891100497.0,5938893610.0
"Middle East, North Africa, Afghanistan & Pakistan (excluding high income)",MNA,151883053.0,155796245.0,159849264.0,164082777.0,168474397.0,173012080.0,177756891.0,182734055.0,187877692.0,193184368.0,198631041.0,204099318.0,209697605.0,215569107.0,221668657.0,228187384.0,235058983.0,242098387.0,249392069.0,256976193.0,264948525.0,273288518.0,281844787.0,290721921.0,300042126.0,309566339.0,319257806.0,329101677.0,339013669.0,349120795.0,361322200.0,371610655.0,381995940.0,392371485.0,402475400.0,412447289.0,422368926.0,432334916.0,442475967.0,452793419.0,462980522.0,473223662.0,483540516.0,494288606.0,505618583.0,517240777.0,529158464.0,540838105.0,552681993.0,565038251.0,577396038.0,589646039.0,601566988.0,613151287.0,624564062.0,635352686.0,645837915.0,656767614.0,668447432.0,680490997.0,692532027.0,704458802.0,716508657.0,729077445.0,741690916.0
North America,NAC,198622564.0,202005123.0,205196239.0,208251340.0,211260410.0,214028461.0,216656534.0,219173514.0,221500404.0,223756306.0,226428124.0,229675639.0,232167266.0,234453723.0,236715025.0,239169404.0,241538018.0,244018165.0,246601634.0,249310061.0,251794340.0,254339912.0,256835329.0,259213228.0,261487222.0,263821663.0,266289167.0,268791866.0,271347446.0,274152910.0,277371697.0,281076404.0,284943671.0,288662580.0,292185857.0,295639837.0,299064031.0,302623125.0,306069812.0,309502410.0,312909691.0,316051677.0,319046534.0,321812780.0,324806660.0,327822042.0,331013939.0,334183103.0,337404564.0,340465163.0,343447854.0,346242415.0,349116140.0,351870848.0,354755155.0,357583083.0,360527592.0,363217262.0,365666028.0,367908829.0,369670740.0,370404272.0,373018004.0,376954413.0,381464223.0
OECD members,OED,809580211.0,820795966.0,832227425.0,843650775.0,855135046.0,866300939.0,877030636.0,887553832.0,897869478.0,908238681.0,918489195.0,930596384.0,941467841.0,952000973.0,962281658.0,972242932.0,981612322.0,990951247.0,1000355869.0,1009880602.0,1019332414.0,1028615740.0,1037419356.0,1046094679.0,1054395892.0,1062728299.0,1071222636.0,1079813087.0,1088587717.0,1097876374.0,1107695519.0,1118410105.0,1129039882.0,1139203498.0,1148779736.0,1158068699.0,1167149370.0,1176191803.0,1184928348.0,1193682861.0,1202226474.0,1211109104.0,1220101353.0,1229012217.0,1237896576.0,1246656490.0,1255746646.0,1264728255.0,1274711058.0,1283973216.0,1292701737.0,1299644689.0,1307733583.0,1315427979.0,1323459714.0,1331675197.0,1340142055.0,1348127258.0,1356470975.0,1364146219.0,1369310195.0,1371785073.0,1378565677.0,1387897706.0,1396877448.0
Other small states,OSS,5297024.0,5374964.0,5476102.0,5578740.0,5680872.0,5779625.0,5872358.0,5959394.0,6047701.0,6141108.0,6240826.0,6348289.0,6460753.0,6573195.0,6679456.0,6790788.0,6913443.0,7044675.0,7176063.0,7309677.0,7444817.0,7577614.0,7711694.0,7843045.0,7975015.0,8118973.0,8271747.0,8429468.0,8592255.0,8765561.0,8949306.0,9131087.0,9201490.0,9249106.0,9328189.0,9389918.0,9493131.0,9618823.0,9746302.0,9758520.0,9788238.0,9961679.0,10136134.0,10269557.0,10371059.0,10479844.0,10601352.0,10730365.0,10862640.0,10989567.0,11112466.0,11226214.0,11346082.0,11466589.0,11591200.0,11722398.0,11851918.0,11989367.0,12135267.0,12281907.0,12417333.0,12541889.0,12699005.0,12822134.0,12931878.0
Pre-demographic dividend,PRE,188920253.0,193342737.0,198004977.0,202879347.0,207958469.0,213246024.0,218721527.0,224392810.0,230300956.0,236419165.0,242769169.0,249344292.0,256080715.0,263238228.0,270820390.0,278656584.0,286692896.0,295051411.0,304240149.0,313887702.0,322965422.0,330988678.0,339575832.0,349226289.0,359259708.0,369570962.0,379883689.0,390374024.0,400820214.0,411682495.0,422471117.0,433111892.0,445411988.0,459529211.0,475022693.0,490118620.0,503373634.0,516729805.0,531450214.0,546890075.0,562428025.0,578587390.0,596114535.0,614269146.0,632445407.0,651320620.0,670229212.0,688722596.0,708796270.0,730293963.0,752046672.0,774567417.0,798002725.0,822138419.0,846420736.0,870587800.0,895239872.0,920568701.0,946317177.0,972302503.0,998624261.0,1024960313.0,1051201551.0,1078224044.0,1105951788.0
Pacific island small states,PSS,912120.0,938244.0,965430.0,993524.0,1022081.0,1051140.0,1079689.0,1105889.0,1130851.0,1156327.0,1181537.0,1205879.0,1229695.0,1253169.0,1277600.0,1303608.0,1331351.0,1360619.0,1390784.0,1422234.0,1454476.0,1487561.0,1521261.0,1555284.0,1590058.0,1625654.0,1660533.0,1692234.0,1721206.0,1748900.0,1775607.0,1801531.0,1827395.0,1853148.0,1878007.0,1901782.0,1926342.0,1954642.0,1984859.0,2014289.0,2042274.0,2069097.0,2095273.0,2120592.0,2145505.0,2170029.0,2194265.0,2218230.0,2240739.0,2262456.0,2289399.0,2320899.0,2351924.0,2382931.0,2414338.0,2445989.0,2477794.0,2509999.0,2542009.0,2568656.0,2595522.0,2625493.0,2656049.0,2689224.0,2722467.0
Post-demographic dividend,PST,756359099.0,765442136.0,774678780.0,783736508.0,792735136.0,801451274.0,809623605.0,817437528.0,825029113.0,832633761.0,840190480.0,849553629.0,857513072.0,865015884.0,872247955.0,879088327.0,885244462.0,891301791.0,897398355.0,903773491.0,909919829.0,916024683.0,921558505.0,926768139.0,931624894.0,936480384.0,941566838.0,946817118.0,952284317.0,958176572.0,964371624.0,971291914.0,978087877.0,984398082.0,990028770.0,995338472.0,1000836719.0,1006102041.0,1011086034.0,1015990094.0,1021150563.0,1026105872.0,1031302538.0,1036498631.0,1041890752.0,1047140108.0,1052866351.0,1059147302.0,1065603711.0,1071118156.0,1076208648.0,1079468050.0,1084193277.0,1088424167.0,1093025476.0,1097890139.0,1102966925.0,1107161559.0,1111377470.0,1114898817.0,1117007476.0,1116582773.0,1117394729.0,1121315547.0,1128377826.0
South Asia,SAS,507919318.0,520416897.0,533162544.0,546111213.0,559361410.0,572498343.0,585381018.0,598618725.0,612171905.0,625773349.0,640078209.0,654081362.0,668383197.0,684000704.0,700247383.0,717092514.0,734217635.0,751760482.0,769329109.0,787440583.0,806369775.0,825638560.0,845349352.0,865442337.0,885894499.0,906622025.0,927646189.0,948802143.0,970044151.0,991571016.0,1013297018.0,1035058149.0,1057074570.0,1079256381.0,1101305517.0,1123515559.0,1145998648.0,1168625898.0,1191405930.0,1214263809.0,1237185482.0,1260149056.0,1282584796.0,1304347790.0,1325950587.0,1346886384.0,1367187349.0,1386949456.0,1406047164.0,1425370200.0,1444967010.0,1464372623.0,1483553073.0,1501661991.0,1519839246.0,1537370078.0,1555111864.0,1572520427.0,1589164714.0,1605412986.0,1621073417.0,1634785356.0,1648009565.0,1662580579.0,1677384532.0
Sub-Saharan Africa (excluding high income),SSA,206288260.0,211292606.0,216517247.0,221937898.0,227579664.0,233447992.0,239526768.0,245829213.0,252384968.0,259166830.0,266188793.0,273440461.0,280872413.0,288750400.0,297083013.0,305701947.0,314545326.0,323710360.0,333680160.0,344394495.0,355467472.0,366437525.0,377641425.0,389094648.0,400538509.0,412354065.0,424407604.0,436643155.0,448764072.0,461052538.0,473635450.0,485834033.0,498349572.0,511789636.0,525116200.0,538769611.0,553009918.0,567371961.0,582361221.0,597802260.0,613632482.0,630019621.0,646942913.0,664400687.0,682493463.0,701214785.0,720481278.0,740376633.0,761026248.0,782252358.0,804038373.0,826290715.0,849083240.0,872704206.0,896754068.0,921290560.0,946011305.0,971179323.0,997236086.0,1023480610.0,1049999318.0,1076774079.0,1103704408.0,1131078494.0,1158863843.0
Sub-Saharan Africa,SSF,227706653.0,233241597.0,239026415.0,245034711.0,251292534.0,257806104.0,264528156.0,271499400.0,278774032.0,286291766.0,294071521.0,302095262.0,310303050.0,318974077.0,328098223.0,337484491.0,347140248.0,356939418.0,367476902.0,378695833.0,389959247.0,401805572.0,414407128.0,426899800.0,439338948.0,452261445.0,465510912.0,479171693.0,492983652.0,507001395.0,521314712.0,535621670.0,550274082.0,565570780.0,580801913.0,596382250.0,612553970.0,628853819.0,645803591.0,663257231.0,681125107.0,699588585.0,718662153.0,738316131.0,758653144.0,779665113.0,801269368.0,823564883.0,846656872.0,870347292.0,894666657.0,919528126.0,944970310.0,971232906.0,997961037.0,1025251114.0,1052824144.0,1080941647.0,1109997000.0,1139315618.0,1169015451.0,1199011925.0,1229208573.0,1259889959.0,1291044964.0
Small states,SST,8767492.0,8927466.0,9111719.0,9300542.0,9487757.0,9670463.0,9846482.0,10014042.0,10181338.0,10353360.0,10526671.0,10702728.0,10876065.0,11041388.0,11199859.0,11364129.0,11541204.0,11728016.0,11915233.0,12105153.0,12298380.0,12490529.0,12683850.0,12874950.0,13067491.0,13275197.0,13492150.0,13707720.0,13924070.0,14148870.0,14379862.0,14610383.0,14735408.0,14837410.0,14970002.0,15087617.0,15248657.0,15435138.0,15624755.0,15698038.0,15786741.0,16017863.0,16250203.0,16441139.0,16597133.0,16699341.0,16868546.0,17047450.0,17228345.0,17398922.0,17575200.0,17748220.0,17926451.0,18107202.0,18292084.0,18482578.0,18671045.0,18865506.0,19084934.0,19293697.0,19472157.0,19646549.0,19852364.0,20031262.0,20193405.0
East Asia & Pacific (IDA & IBRD countries),TEA,884252517.0,883558197.0,895224912.0,918259043.0,940909509.0,964163938.0,990719244.0,1016529846.0,1043349620.0,1071912603.0,1101240545.0,1131095541.0,1159220113.0,1186384756.0,1212035036.0,1235222835.0,1256698596.0,1276830008.0,1297059239.0,1317673957.0,1338009609.0,1358992800.0,1382326011.0,1405938773.0,1428557744.0,1451742188.0,1476236205.0,1502192372.0,1528559240.0,1554321275.0,1579651917.0,1604095270.0,1627147885.0,1649557492.0,1671877438.0,1693960469.0,1715764488.0,1737429846.0,1758263635.0,1777464322.0,1795374943.0,1812475067.0,1828744767.0,1844349334.0,1859450104.0,1874487158.0,1889507244.0,1904568042.0,1919570287.0,1934167856.0,1948643347.0,1964036970.0,1981382735.0,1998548872.0,2014960984.0,2030504270.0,2045816761.0,2061449949.0,2074796982.0,2086281644.0,2095759417.0,2102350702.0,2107261123.0,2111139152.0,2114653077.0
Europe & Central Asia (IDA & IBRD countries),TEC,308759361.0,313483586.0,318186127.0,322961499.0,327774760.0,332375189.0,336304737.0,340454289.0,344535295.0,348509849.0,352139347.0,355796328.0,359698417.0,363554198.0,367431547.0,371336064.0,375469327.0,379635878.0,383687824.0,387559928.0,391562181.0,395441598.0,399353523.0,403378262.0,407686015.0,411980043.0,416211558.0,420430601.0,424466137.0,428221424.0,430990546.0,433132067.0,434844449.0,436152186.0,437106291.0,437796116.0,438325526.0,438638046.0,438735255.0,438650260.0,438423541.0,438100368.0,437806951.0,437905932.0,438136036.0,438333196.0,438714358.0,438680283.0,439732746.0,441304973.0,442936599.0,444846366.0,446941101.0,449128604.0,451432428.0,453662073.0,455913002.0,458010325.0,459946883.0,461933206.0,462842288.0,463104389.0,460942269.0,458602212.0,459734030.0
Latin America & the Caribbean (IDA & IBRD countries),TLA,208671107.0,214582669.0,220668336.0,226899749.0,233255631.0,239708690.0,246239963.0,252838271.0,259494716.0,266211242.0,272962813.0,279784152.0,286726529.0,293783764.0,300937685.0,308171037.0,315490913.0,322954210.0,330579364.0,338302777.0,346105657.0,353922621.0,361763155.0,369728268.0,377777260.0,385830246.0,393862440.0,401890697.0,409945610.0,418004229.0,426091608.0,434138780.0,442150885.0,450131381.0,458042874.0,465939463.0,473775482.0,481555614.0,489346270.0,497065139.0,504556065.0,511809816.0,518881965.0,525787222.0,532556401.0,539188798.0,545805913.0,552399650.0,558968822.0,565454932.0,571822092.0,578171855.0,584524334.0,590809938.0,597023419.0,603091701.0,609017063.0,614776664.0,620274430.0,625467307.0,630051021.0,633862610.0,637837815.0,642397939.0,647003746.0
"Middle East, North Africa, Afghanistan & Pakistan (IDA & IBRD)",TMN,151883053.0,155796245.0,159849264.0,164082777.0,168474397.0,173012080.0,177756891.0,182734055.0,187877692.0,193184368.0,198631041.0,204099318.0,209697605.0,215569107.0,221668657.0,228187384.0,235058983.0,242098387.0,249392069.0,256976193.0,264948525.0,273288518.0,281844787.0,290721921.0,300042126.0,309566339.0,319257806.0,329101677.0,339013669.0,349120795.0,359343952.0,369541810.0,379832349.0,390108809.0,400109102.0,409972623.0,419780929.0,429628398.0,439699399.0,449944988.0,460058369.0,470225878.0,480465143.0,491133637.0,502381957.0,513920381.0,525752130.0,537343609.0,549090016.0,561349152.0,573609877.0,585763053.0,597586990.0,609074579.0,620390664.0,631082594.0,641470827.0,652312809.0,663878345.0,675805691.0,687728758.0,699536053.0,711465045.0,723911670.0,736401764.0
South Asia (IDA & IBRD),TSA,507919318.0,520416897.0,533162544.0,546111213.0,559361410.0,572498343.0,585381018.0,598618725.0,612171905.0,625773349.0,640078209.0,654081362.0,668383197.0,684000704.0,700247383.0,717092514.0,734217635.0,751760482.0,769329109.0,787440583.0,806369775.0,825638560.0,845349352.0,865442337.0,885894499.0,906622025.0,927646189.0,948802143.0,970044151.0,991571016.0,1013297018.0,1035058149.0,1057074570.0,1079256381.0,1101305517.0,1123515559.0,1145998648.0,1168625898.0,1191405930.0,1214263809.0,1237185482.0,1260149056.0,1282584796.0,1304347790.0,1325950587.0,1346886384.0,1367187349.0,1386949456.0,1406047164.0,1425370200.0,1444967010.0,1464372623.0,1483553073.0,1501661991.0,1519839246.0,1537370078.0,1555111864.0,1572520427.0,1589164714.0,1605412986.0,1621073417.0,1634785356.0,1648009565.0,1662580579.0,1677384532.0
Sub-Saharan Africa (IDA & IBRD countries),TSS,227706653.0,233241597.0,239026415.0,245034711.0,251292534.0,257806104.0,264528156.0,271499400.0,278774032.0,286291766.0,294071521.0,302095262.0,310303050.0,318974077.0,328098223.0,337484491.0,347140248.0,356939418.0,367476902.0,378695833.0,389959247.0,401805572.0,414407128.0,426899800.0,439338948.0,452261445.0,465510912.0,479171693.0,492983652.0,507001395.0,521314712.0,535621670.0,550274082.0,565570780.0,580801913.0,596382250.0,612553970.0,628853819.0,645803591.0,663257231.0,681125107.0,699588585.0,718662153.0,738316131.0,758653144.0,779665113.0,801269368.0,823564883.0,846656872.0,870347292.0,894666657.0,919528126.0,944970310.0,971232906.0,997961037.0,1025251114.0,1052824144.0,1080941647.0,1109997000.0,1139315618.0,1169015451.0,1199011925.0,1229208573.0,1259889959.0,1291044964.0
Upper middle income,UMC,1149653372.0,1155585967.0,1174054217.0,1204001559.0,1233716139.0,1264038910.0,1297805820.0,1330989567.0,1365250009.0,1401337527.0,1438175379.0,1475716769.0,1511690371.0,1546811742.0,1580570358.0,1612227500.0,1642473603.0,1671398930.0,1700492780.0,1729895531.0,1759188322.0,1789774534.0,1822722888.0,1855424369.0,1887255119.0,1919685969.0,1953571641.0,1988890401.0,2024305816.0,2059000415.0,2092646700.0,2124538033.0,2154585863.0,2182939692.0,2210505244.0,2237605345.0,2264443158.0,2290953835.0,2316706589.0,2341274091.0,2365022283.0,2387807616.0,2409341702.0,2430373908.0,2451601935.0,2472862826.0,2493333038.0,2512165159.0,2532345548.0,2553016162.0,2573477299.0,2594753350.0,2618393970.0,2642487513.0,2665669456.0,2687902951.0,2709372162.0,2731150081.0,2751574852.0,2769964564.0,2784871872.0,2796004294.0,2803106334.0,2809097616.0,2817912698.0
World,WLD,3021512598.0,3062768116.0,3117372187.0,3184063049.0,3251253200.0,3318997522.0,3389087189.0,3459015356.0,3530703561.0,3604815552.0,3680589045.0,3758613546.0,3834446322.0,3911068458.0,3987294240.0,4062070771.0,4135758539.0,4208958804.0,4283431043.0,4360056401.0,4437602892.0,4516926190.0,4599539241.0,4682924536.0,4766040300.0,4850740788.0,4937711562.0,5027030278.0,5117167006.0,5207654866.0,5299246757.0,5388496229.0,5477123966.0,5564778621.0,5650853178.0,5736505517.0,5822614627.0,5908466558.0,5994040064.0,6078404337.0,6161884811.0,6245112906.0,6327557399.0,6409750441.0,6492769815.0,6575841506.0,6659977025.0,6744489399.0,6830513541.0,6916589116.0,7001266876.0,7087120034.0,7176929184.0,7265892332.0,7354068030.0,7441677465.0,7528879985.0,7614523410.0,7697233736.0,7778008621.0,7854748424.0,7920514854.0,7989545217.0,8064057930.0,8141808945.0
